image_file,event_name,year,category,location,source_url
flood/flood_kerala_2018_01.jpg,Kerala Floods,2018,flood,"Kerala, India",
flood/flood_kerala_2018_02.png,Kerala Floods,2018,flood,"Kerala, India",
flood/flood_kerala_2018_03.jpg,Kerala Floods,2018,flood,"Kerala, India",
flood/flood_kerala_2018_04.jpg,Kerala Floods,2018,flood,"Kerala, India",
flood/flood_kerala_2018_05.jpg,Kerala Floods,2018,flood,"Kerala, India",https://upload.wikimedia.org/wikipedia/commons/thumb/2/2f/2018_Kerala_Floods_Collection_center_at_Nisagandhi_Thiruvananthapuram_.jpg/1280px-2018_Kerala_Floods_Collection_center_at_Nisagandhi_Thiruvananthapuram_.jpg
flood/flood_kerala_2018_06.png,Kerala Floods,2018,flood,"Kerala, India",https://upload.wikimedia.org/wikipedia/commons/thumb/b/b1/2018_Kerala_Floods_Red_Alert_Districts.png/1280px-2018_Kerala_Floods_Red_Alert_Districts.png
flood/flood_kerala_2018_07.jpg,Kerala Floods,2018,flood,"Kerala, India",https://upload.wikimedia.org/wikipedia/commons/thumb/d/de/Field_Trip_Marottichal_after_Kerala_Flood_2018_Soil_Piping_IMG_9084.jpg/1280px-Field_Trip_Marottichal_after_Kerala_Flood_2018_Soil_Piping_IMG_9084.jpg
flood/flood_kerala_2018_08.jpg,Kerala Floods,2018,flood,"Kerala, India",https://upload.wikimedia.org/wikipedia/commons/thumb/b/b3/Field_Trip_Marottichal_after_Kerala_Flood_2018_Soil_Piping_IMG_9088.jpg/1280px-Field_Trip_Marottichal_after_Kerala_Flood_2018_Soil_Piping_IMG_9088.jpg
flood/flood_kerala_2018_09.jpg,Kerala Floods,2018,flood,"Kerala, India",https://upload.wikimedia.org/wikipedia/commons/thumb/8/86/Field_Trip_Marottichal_after_Kerala_Flood_2018_Soil_Piping_IMG_9100.jpg/1280px-Field_Trip_Marottichal_after_Kerala_Flood_2018_Soil_Piping_IMG_9100.jpg
flood/flood_kerala_2018_10.jpg,Kerala Floods,2018,flood,"Kerala, India",https://upload.wikimedia.org/wikipedia/commons/thumb/5/55/Field_Trip_Marottichal_after_Kerala_Flood_2018_Soil_Piping_IMG_9102.jpg/1280px-Field_Trip_Marottichal_after_Kerala_Flood_2018_Soil_Piping_IMG_9102.jpg
flood/flood_assam_2022_01.jpg,Assam Floods,2022,flood,"Assam, India",https://upload.wikimedia.org/wikipedia/commons/thumb/3/31/Adrian_Scottow%2C_Stilt_houses_on_Majuli_Island_%28Assam%29_IMG_7994.jpg/1280px-Adrian_Scottow%2C_Stilt_houses_on_Majuli_Island_%28Assam%29_IMG_7994.jpg
flood/flood_assam_2022_02.jpg,Assam Floods,2022,flood,"Assam, India",https://upload.wikimedia.org/wikipedia/commons/thumb/f/f2/An_aerial_view_of_flood-affected_areas_of_Assam_on_July_02%2C_2012.jpg/1280px-An_aerial_view_of_flood-affected_areas_of_Assam_on_July_02%2C_2012.jpg
flood/flood_assam_2022_03.jpg,Assam Floods,2022,flood,"Assam, India",https://upload.wikimedia.org/wikipedia/commons/thumb/0/04/An_aerial_view_of_flood-affected_areas_of_Assam_on_July_02%2C_2012_%281%29.jpg/1280px-An_aerial_view_of_flood-affected_areas_of_Assam_on_July_02%2C_2012_%281%29.jpg
flood/flood_assam_2022_04.jpg,Assam Floods,2022,flood,"Assam, India",https://upload.wikimedia.org/wikipedia/commons/thumb/0/04/Assam_flood_in_2015.jpg/1280px-Assam_flood_in_2015.jpg
flood/flood_assam_2022_05.jpg,Assam Floods,2022,flood,"Assam, India",https://upload.wikimedia.org/wikipedia/commons/thumb/a/a7/EU_Civil_Protection_and_Humanitarian_Aid%2C_India_-_Assam_floods%2C_aug_2012.jpg/1280px-EU_Civil_Protection_and_Humanitarian_Aid%2C_India_-_Assam_floods%2C_aug_2012.jpg
flood/flood_assam_2022_06.jpg,Assam Floods,2022,flood,"Assam, India",https://upload.wikimedia.org/wikipedia/commons/thumb/f/fe/Flood_affected_area_%281%29.jpg/1280px-Flood_affected_area_%281%29.jpg
flood/flood_assam_2022_07.jpg,Assam Floods,2022,flood,"Assam, India",https://upload.wikimedia.org/wikipedia/commons/thumb/f/fa/Flood_affected_house_%281%29.jpg/1280px-Flood_affected_house_%281%29.jpg
flood/flood_assam_2022_08.jpg,Assam Floods,2022,flood,"Assam, India",https://upload.wikimedia.org/wikipedia/commons/thumb/0/00/Flood_affected_house_%282%29.jpg/1280px-Flood_affected_house_%282%29.jpg
flood/flood_assam_2022_09.jpg,Assam Floods,2022,flood,"Assam, India",https://upload.wikimedia.org/wikipedia/commons/thumb/8/82/Flood_affected_road.jpg/1280px-Flood_affected_road.jpg
flood/flood_assam_2022_10.jpg,Assam Floods,2022,flood,"Assam, India",https://upload.wikimedia.org/wikipedia/commons/thumb/2/22/Flood_affected_village.jpg/1280px-Flood_affected_village.jpg
flood/flood_chennai_2015_01.jpg,Chennai Floods,2015,flood,"Tamil Nadu, India",https://upload.wikimedia.org/wikipedia/commons/thumb/9/9b/2015_Floods.jpg/1280px-2015_Floods.jpg
flood/flood_chennai_2015_02.jpg,Chennai Floods,2015,flood,"Tamil Nadu, India",https://upload.wikimedia.org/wikipedia/commons/thumb/e/ef/2015_South_Indian_flood_Chennai_by_Indian_Air_Force_helicopters.jpg/1280px-2015_South_Indian_flood_Chennai_by_Indian_Air_Force_helicopters.jpg
flood/flood_chennai_2015_03.jpg,Chennai Floods,2015,flood,"Tamil Nadu, India",https://upload.wikimedia.org/wikipedia/commons/thumb/5/5d/2015_South_Indian_flood_Chennai_taken_by_Indian_Air_Force_helicopters.jpg/1280px-2015_South_Indian_flood_Chennai_taken_by_Indian_Air_Force_helicopters.jpg
flood/flood_chennai_2015_04.jpg,Chennai Floods,2015,flood,"Tamil Nadu, India",https://upload.wikimedia.org/wikipedia/commons/thumb/e/e1/Aerial_view_of_Chennai_during_floods.jpg/1280px-Aerial_view_of_Chennai_during_floods.jpg
flood/flood_chennai_2015_05.jpg,Chennai Floods,2015,flood,"Tamil Nadu, India",https://upload.wikimedia.org/wikipedia/commons/thumb/5/50/Aerial_view_of_Chennai_during_floods_-_2.jpg/1280px-Aerial_view_of_Chennai_during_floods_-_2.jpg
flood/flood_chennai_2015_06.jpg,Chennai Floods,2015,flood,"Tamil Nadu, India",https://upload.wikimedia.org/wikipedia/commons/thumb/1/13/Army_flood_relief_and_rescue_operations%2C_in_Chennai_on_November_17%2C_2015.jpg/1280px-Army_flood_relief_and_rescue_operations%2C_in_Chennai_on_November_17%2C_2015.jpg
flood/flood_chennai_2015_07.jpg,Chennai Floods,2015,flood,"Tamil Nadu, India",https://upload.wikimedia.org/wikipedia/commons/thumb/3/36/Army_flood_relief_and_rescue_operations%2C_in_Chennai_on_November_17%2C_2015_%281%29.jpg/1280px-Army_flood_relief_and_rescue_operations%2C_in_Chennai_on_November_17%2C_2015_%281%29.jpg
flood/flood_chennai_2015_08.jpg,Chennai Floods,2015,flood,"Tamil Nadu, India",https://upload.wikimedia.org/wikipedia/commons/thumb/d/db/Army_flood_relief_and_rescue_operations%2C_in_Chennai_on_November_17%2C_2015_%282%29.jpg/1280px-Army_flood_relief_and_rescue_operations%2C_in_Chennai_on_November_17%2C_2015_%282%29.jpg
flood/flood_chennai_2015_09.jpg,Chennai Floods,2015,flood,"Tamil Nadu, India",https://upload.wikimedia.org/wikipedia/commons/thumb/7/78/Army_flood_relief_and_rescue_operations%2C_in_Chennai_on_November_17%2C_2015_%283%29.jpg/1280px-Army_flood_relief_and_rescue_operations%2C_in_Chennai_on_November_17%2C_2015_%283%29.jpg
flood/flood_chennai_2015_10.jpg,Chennai Floods,2015,flood,"Tamil Nadu, India",https://upload.wikimedia.org/wikipedia/commons/2/2a/CHEENAI_2015.jpg
flood/flood_uttarakhand_2013_01.jpg,Uttarakhand Flash Floods,2013,flood,"Uttarakhand, India",
flood/flood_uttarakhand_2013_02.jpg,Uttarakhand Flash Floods,2013,flood,"Uttarakhand, India",https://upload.wikimedia.org/wikipedia/commons/thumb/3/31/An_aerial_view_of_flood-ravaged_Rudraprayag%2C_in_Uttarakhand.jpg/1280px-An_aerial_view_of_flood-ravaged_Rudraprayag%2C_in_Uttarakhand.jpg
flood/flood_uttarakhand_2013_03.jpg,Uttarakhand Flash Floods,2013,flood,"Uttarakhand, India",https://upload.wikimedia.org/wikipedia/commons/thumb/1/1b/Chandrababu_Naidu_addressing_flood_victims.jpg/1280px-Chandrababu_Naidu_addressing_flood_victims.jpg
flood/flood_uttarakhand_2013_04.jpg,Uttarakhand Flash Floods,2013,flood,"Uttarakhand, India",https://upload.wikimedia.org/wikipedia/commons/thumb/9/96/Chandrababu_Naidu_with_2013_flood_victims_01.jpg/1280px-Chandrababu_Naidu_with_2013_flood_victims_01.jpg
flood/flood_uttarakhand_2013_05.jpg,Uttarakhand Flash Floods,2013,flood,"Uttarakhand, India",https://upload.wikimedia.org/wikipedia/commons/thumb/4/4d/Chandrababu_Naidu_with_2013_flood_victims_02.jpg/1280px-Chandrababu_Naidu_with_2013_flood_victims_02.jpg
flood/flood_uttarakhand_2013_06.jpg,Uttarakhand Flash Floods,2013,flood,"Uttarakhand, India",https://upload.wikimedia.org/wikipedia/commons/thumb/2/27/Chandrababu_Naidu_with_2013_flood_victims_03.jpg/1280px-Chandrababu_Naidu_with_2013_flood_victims_03.jpg
flood/flood_uttarakhand_2013_07.jpg,Uttarakhand Flash Floods,2013,flood,"Uttarakhand, India",https://upload.wikimedia.org/wikipedia/commons/thumb/f/fd/Chandrababu_Naidu_with_2013_flood_victims_04.jpg/1280px-Chandrababu_Naidu_with_2013_flood_victims_04.jpg
flood/flood_uttarakhand_2013_08.jpg,Uttarakhand Flash Floods,2013,flood,"Uttarakhand, India",https://upload.wikimedia.org/wikipedia/commons/thumb/a/a9/Chandrababu_Naidu_with_2013_flood_victims_05.jpg/1280px-Chandrababu_Naidu_with_2013_flood_victims_05.jpg
flood/flood_uttarakhand_2013_09.jpg,Uttarakhand Flash Floods,2013,flood,"Uttarakhand, India",https://upload.wikimedia.org/wikipedia/commons/thumb/a/a4/Chandrababu_Naidu_with_2013_flood_victims_06.jpg/1280px-Chandrababu_Naidu_with_2013_flood_victims_06.jpg
flood/flood_uttarakhand_2013_10.jpg,Uttarakhand Flash Floods,2013,flood,"Uttarakhand, India",https://upload.wikimedia.org/wikipedia/commons/thumb/7/7f/Chandrababu_Naidu_with_2013_flood_victims_07.jpg/1280px-Chandrababu_Naidu_with_2013_flood_victims_07.jpg
flood/flood_pakistan_2022_01.jpg,Pakistan Floods,2022,flood,"Sindh, Balochistan, KPK, Pakistan",https://upload.wikimedia.org/wikipedia/commons/thumb/4/47/2010_Pakistan_floods_-_aerial_view_near_Ghazi.JPG/1280px-2010_Pakistan_floods_-_aerial_view_near_Ghazi.JPG
flood/flood_pakistan_2022_02.jpg,Pakistan Floods,2022,flood,"Sindh, Balochistan, KPK, Pakistan",https://upload.wikimedia.org/wikipedia/commons/thumb/5/5e/2010_Pakistan_floods_-_flown_out_Pakistanis.JPG/1280px-2010_Pakistan_floods_-_flown_out_Pakistanis.JPG
flood/flood_pakistan_2022_03.jpg,Pakistan Floods,2022,flood,"Sindh, Balochistan, KPK, Pakistan",https://upload.wikimedia.org/wikipedia/commons/thumb/5/53/2022_Pakistan_Floods_-_August_27%2C_2021_vs._August_27%2C_2022_in_Sindh.jpg/1280px-2022_Pakistan_Floods_-_August_27%2C_2021_vs._August_27%2C_2022_in_Sindh.jpg
flood/flood_pakistan_2022_04.jpg,Pakistan Floods,2022,flood,"Sindh, Balochistan, KPK, Pakistan",https://upload.wikimedia.org/wikipedia/commons/thumb/d/d9/Aerial_view_of_flooding%2C_Pakistan_2010.jpg/1280px-Aerial_view_of_flooding%2C_Pakistan_2010.jpg
flood/flood_pakistan_2022_05.jpg,Pakistan Floods,2022,flood,"Sindh, Balochistan, KPK, Pakistan",https://upload.wikimedia.org/wikipedia/commons/thumb/a/a2/Aerial_view_of_floods%2C_Pakistan_2010._Photo-_Australian_Government_%2810664794225%29.jpg/1280px-Aerial_view_of_floods%2C_Pakistan_2010._Photo-_Australian_Government_%2810664794225%29.jpg
flood/flood_pakistan_2022_06.jpg,Pakistan Floods,2022,flood,"Sindh, Balochistan, KPK, Pakistan",https://upload.wikimedia.org/wikipedia/commons/thumb/2/29/Aerial_view_of_floods%2C_Pakistan_2010._Photo-_Australian_Government_%2810664863836%29.jpg/1280px-Aerial_view_of_floods%2C_Pakistan_2010._Photo-_Australian_Government_%2810664863836%29.jpg
flood/flood_pakistan_2022_07.jpg,Pakistan Floods,2022,flood,"Sindh, Balochistan, KPK, Pakistan",https://upload.wikimedia.org/wikipedia/commons/thumb/8/8a/Defense.gov_photo_essay_100909-A-9180B-001.jpg/1280px-Defense.gov_photo_essay_100909-A-9180B-001.jpg
flood/flood_pakistan_2022_08.jpg,Pakistan Floods,2022,flood,"Sindh, Balochistan, KPK, Pakistan",https://upload.wikimedia.org/wikipedia/commons/thumb/a/ad/Defense.gov_photo_essay_100914-A-9180B-003.jpg/1280px-Defense.gov_photo_essay_100914-A-9180B-003.jpg
flood/flood_pakistan_2022_09.jpg,Pakistan Floods,2022,flood,"Sindh, Balochistan, KPK, Pakistan",https://upload.wikimedia.org/wikipedia/commons/thumb/e/e2/Devastating_floods_in_Pakistan.jpg/1280px-Devastating_floods_in_Pakistan.jpg
flood/flood_pakistan_2022_10.jpg,Pakistan Floods,2022,flood,"Sindh, Balochistan, KPK, Pakistan",https://upload.wikimedia.org/wikipedia/commons/thumb/b/b3/Disastrous_floods_continue_to_affect_Pakistan.jpg/1280px-Disastrous_floods_continue_to_affect_Pakistan.jpg
flood/flood_mumbai_2005_01.jpg,Mumbai Floods,2005,flood,"Maharashtra, India",https://upload.wikimedia.org/wikipedia/commons/f/f2/A_Fallen_Tree_in_Kulupwadi_Rd%2C_Borivali_%2835520292%29.jpg
flood/flood_mumbai_2005_02.jpg,Mumbai Floods,2005,flood,"Maharashtra, India",https://upload.wikimedia.org/wikipedia/commons/4/40/A_Santro_that_went_%22off_road%22_%2835520266%29.jpg
flood/flood_mumbai_2005_03.jpg,Mumbai Floods,2005,flood,"Maharashtra, India",https://upload.wikimedia.org/wikipedia/commons/c/c7/A_flood_light_at_the_D_Y_Patil_Stadium_%285739171528%29.jpg
flood/flood_mumbai_2005_04.jpg,Mumbai Floods,2005,flood,"Maharashtra, India",https://upload.wikimedia.org/wikipedia/commons/0/0d/An_ST_bus_near_the_WEH_flyover_at_Borivali_%2835520283%29.jpg
flood/flood_mumbai_2005_05.jpg,Mumbai Floods,2005,flood,"Maharashtra, India",https://upload.wikimedia.org/wikipedia/commons/1/1e/An_ST_bus_near_the_WEH_flyover_at_Borivali_%2835520287%29.jpg
flood/flood_mumbai_2005_06.jpg,Mumbai Floods,2005,flood,"Maharashtra, India",https://upload.wikimedia.org/wikipedia/commons/a/a8/Bombay_flooded_street.jpg
flood/flood_mumbai_2005_07.jpg,Mumbai Floods,2005,flood,"Maharashtra, India",https://upload.wikimedia.org/wikipedia/commons/6/67/Bombay_flooded_street2.jpg
flood/flood_mumbai_2005_08.jpg,Mumbai Floods,2005,flood,"Maharashtra, India",https://upload.wikimedia.org/wikipedia/commons/c/cc/Cracked_pavement_near_National_Park_%2835520277%29.jpg
flood/flood_mumbai_2005_09.png,Mumbai Floods,2005,flood,"Maharashtra, India",https://upload.wikimedia.org/wikipedia/commons/thumb/8/8c/Major_cities_threatened_by_sea_level_rise.png/1280px-Major_cities_threatened_by_sea_level_rise.png
flood/flood_mumbai_2005_10.jpg,Mumbai Floods,2005,flood,"Maharashtra, India",https://upload.wikimedia.org/wikipedia/commons/thumb/e/ed/Mumbai%2C_India_%E2%A5%81_%2827674519391%29.jpg/1280px-Mumbai%2C_India_%E2%A5%81_%2827674519391%29.jpg
flood/flood_bihar_2008_01.jpg,Bihar Floods,2008,flood,"Bihar, India",https://upload.wikimedia.org/wikipedia/commons/9/9b/2008_Bihar_floods.jpg
flood/flood_bihar_2008_02.jpg,Bihar Floods,2008,flood,"Bihar, India",https://upload.wikimedia.org/wikipedia/commons/thumb/6/69/A_flood_victim_being_rescued_by_IAF_helicopter_in_Bihar.jpg/1280px-A_flood_victim_being_rescued_by_IAF_helicopter_in_Bihar.jpg
flood/flood_bihar_2008_03.jpg,Bihar Floods,2008,flood,"Bihar, India",https://upload.wikimedia.org/wikipedia/commons/thumb/7/7f/An_aerial_view_of_the_flood_affected_village_where_the_people_are_sitting_on_the_top_of_their_houses_in_Bihar.jpg/1280px-An_aerial_view_of_the_flood_affected_village_where_the_people_are_sitting_on_the_top_of_their_houses_in_Bihar.jpg
flood/flood_bihar_2008_04.jpg,Bihar Floods,2008,flood,"Bihar, India",https://upload.wikimedia.org/wikipedia/commons/thumb/9/94/An_aerial_view_of_the_flood_affected_villages_in_Bihar.jpg/1280px-An_aerial_view_of_the_flood_affected_villages_in_Bihar.jpg
flood/flood_bihar_2008_05.jpg,Bihar Floods,2008,flood,"Bihar, India",https://upload.wikimedia.org/wikipedia/commons/thumb/6/60/An_aerial_view_of_the_flood_affected_villages_where_the_relief_material_being_dropped_by_the_IAF_helicopter_in_Bihar.jpg/1280px-An_aerial_view_of_the_flood_affected_villages_where_the_relief_material_being_dropped_by_the_IAF_helicopter_in_Bihar.jpg
flood/flood_bihar_2008_06.jpg,Bihar Floods,2008,flood,"Bihar, India",https://upload.wikimedia.org/wikipedia/commons/thumb/6/62/Flooded_Bihar.JPG/1280px-Flooded_Bihar.JPG
flood/flood_bihar_2008_07.jpg,Bihar Floods,2008,flood,"Bihar, India",https://upload.wikimedia.org/wikipedia/commons/thumb/7/74/NDRF_in_Bihar_Flood.jpg/1280px-NDRF_in_Bihar_Flood.jpg
flood/flood_bihar_2008_08.jpg,Bihar Floods,2008,flood,"Bihar, India",https://upload.wikimedia.org/wikipedia/commons/thumb/0/02/NDRF_in_Bihar_Flood_2.jpg/1280px-NDRF_in_Bihar_Flood_2.jpg
flood/flood_bihar_2008_09.jpg,Bihar Floods,2008,flood,"Bihar, India",https://upload.wikimedia.org/wikipedia/commons/thumb/b/b4/Ram_Vilas_Paswan_addressing_the_press_on_the_relief_measures_being_undertaken_in_the_flood_affected_areas_of_Bihar_by_the_PSUs_under_the_Ministry_of_Steel%2C_in_New_Delhi_on_September_01%2C_2008.jpg/1280px-thumbnail.jpg
flood/flood_bihar_2008_10.jpg,Bihar Floods,2008,flood,"Bihar, India",https://upload.wikimedia.org/wikipedia/commons/thumb/3/3b/The_relief_supplies_material_for_Bihar_flood_affected_areas_being_unloaded_from_IAF_helicopter_at_Purnia_Airport_in_Bihar.jpg/1280px-The_relief_supplies_material_for_Bihar_flood_affected_areas_being_unloaded_from_IAF_helicopter_at_Purnia_Airport_in_Bihar.jpg
flood/flood_kashmir_2014_01.jpg,Kashmir Floods,2014,flood,"Jammu and Kashmir, India",https://upload.wikimedia.org/wikipedia/commons/thumb/1/11/A_long_queue_of_the_rescued_people_from_flood_ravaged_Jammu_%26_Kashmir_boarding_the_IAF%E2%80%99s_IL-76_transport_aircraft%2C_on_September_11%2C_2014.jpg/1280px-A_long_queue_of_the_rescued_people_from_flood_ravaged_Jammu_%26_Kashmir_boarding_the_IAF%E2%80%99s_IL-76_transport_aircraft%2C_on_September_11%2C_2014.jpg
flood/flood_kashmir_2014_02.jpg,Kashmir Floods,2014,flood,"Jammu and Kashmir, India",https://upload.wikimedia.org/wikipedia/commons/thumb/c/c6/A_mysterious_figure_head_shaped_from_the_side_of_a_mountain_in_Azad_Kashmir.jpg/1280px-A_mysterious_figure_head_shaped_from_the_side_of_a_mountain_in_Azad_Kashmir.jpg
flood/flood_kashmir_2014_03.jpg,Kashmir Floods,2014,flood,"Jammu and Kashmir, India",https://upload.wikimedia.org/wikipedia/commons/thumb/9/96/An_aerial_view_of_flood_affected_area_of_Jammu_%26_Kashmir%2C_on_September_10%2C_2014.jpg/1280px-An_aerial_view_of_flood_affected_area_of_Jammu_%26_Kashmir%2C_on_September_10%2C_2014.jpg
flood/flood_kashmir_2014_04.jpg,Kashmir Floods,2014,flood,"Jammu and Kashmir, India",https://upload.wikimedia.org/wikipedia/commons/thumb/5/55/PM_Modi_meets_various_groups_of_flood_affected_people_in_Srinagar.jpg/1280px-PM_Modi_meets_various_groups_of_flood_affected_people_in_Srinagar.jpg
flood/flood_kashmir_2014_05.jpg,Kashmir Floods,2014,flood,"Jammu and Kashmir, India",https://upload.wikimedia.org/wikipedia/commons/8/8f/Rapid_Action_Medical_Team_%28RAMT%29_equipment_being_offloaded_from_IAF_C-17_Globemaster_III_at_Awantipur_Air_Base_during_the_flood_relief_operation_being_carried_out_in_J%26K%2C_on_September_07%2C_2014.jpg
flood/flood_kashmir_2014_06.jpg,Kashmir Floods,2014,flood,"Jammu and Kashmir, India",https://upload.wikimedia.org/wikipedia/commons/thumb/9/92/Relief_materials_are_being_loaded_in_an_Indian_Air_Force_helicopter_for_distribution_among_the_flood_affected_people_in_Jammu_%26_Kashmir%2C_on_September_11%2C_2014.jpg/1280px-thumbnail.jpg
flood/flood_kashmir_2014_07.jpg,Kashmir Floods,2014,flood,"Jammu and Kashmir, India",https://upload.wikimedia.org/wikipedia/commons/thumb/5/52/Stranded_people_from_flood_affected_areas_of_Jammu_%26_Kashmir_are_being_evacuated_to_safer_place_by_the_armed_forces%2C_on_September_11%2C_2014.jpg/1280px-Stranded_people_from_flood_affected_areas_of_Jammu_%26_Kashmir_are_being_evacuated_to_safer_place_by_the_armed_forces%2C_on_September_11%2C_2014.jpg
flood/flood_kashmir_2014_08.jpg,Kashmir Floods,2014,flood,"Jammu and Kashmir, India",https://upload.wikimedia.org/wikipedia/commons/thumb/a/a2/Stranded_people_signaling_for_help_in_the_flood_affected_part_of_Srinagar_on_September_09%2C_2014.jpg/1280px-Stranded_people_signaling_for_help_in_the_flood_affected_part_of_Srinagar_on_September_09%2C_2014.jpg
flood/flood_kashmir_2014_09.jpg,Kashmir Floods,2014,flood,"Jammu and Kashmir, India",https://upload.wikimedia.org/wikipedia/commons/thumb/a/a6/Stranded_tourists_from_flood_affected_areas_of_Jammu_%26_Kashmir_are_being_evacuated_to_safer_place_by_the_armed_forces%2C_on_September_11%2C_2014.jpg/1280px-Stranded_tourists_from_flood_affected_areas_of_Jammu_%26_Kashmir_are_being_evacuated_to_safer_place_by_the_armed_forces%2C_on_September_11%2C_2014.jpg
flood/flood_kashmir_2014_10.jpg,Kashmir Floods,2014,flood,"Jammu and Kashmir, India",https://upload.wikimedia.org/wikipedia/commons/thumb/2/2c/The_Indian_Air_Force_Helicopters_carrying_out_rescue%2C_relief_and_evacuation_of_people_marooned_during_the_flood_fury%2C_in_Jammu_and_Kashmir_on_September_06%2C_2014.jpg/1280px-thumbnail.jpg
flood/flood_bangladesh_2020_01.jpg,Bangladesh Floods,2020,flood,"Sylhet, Dhaka, Bangladesh",https://upload.wikimedia.org/wikipedia/commons/thumb/4/44/Bangladesh_Floods_%2846200454684%29.jpg/1280px-Bangladesh_Floods_%2846200454684%29.jpg
flood/flood_bangladesh_2020_02.jpg,Bangladesh Floods,2020,flood,"Sylhet, Dhaka, Bangladesh",https://upload.wikimedia.org/wikipedia/commons/thumb/8/86/Bangladesh_Floods_%2846873174802%29.jpg/1280px-Bangladesh_Floods_%2846873174802%29.jpg
flood/flood_bangladesh_2020_03.png,Bangladesh Floods,2020,flood,"Sylhet, Dhaka, Bangladesh",https://upload.wikimedia.org/wikipedia/commons/thumb/4/47/Bangladesh_Floods_2017_%2850308078583%29.png/1280px-Bangladesh_Floods_2017_%2850308078583%29.png
flood/flood_bangladesh_2020_04.png,Bangladesh Floods,2020,flood,"Sylhet, Dhaka, Bangladesh",https://upload.wikimedia.org/wikipedia/commons/thumb/6/66/Bangladesh_Floods_2019_%2850308784941%29.png/1280px-Bangladesh_Floods_2019_%2850308784941%29.png
flood/flood_bangladesh_2020_05.png,Bangladesh Floods,2020,flood,"Sylhet, Dhaka, Bangladesh",https://upload.wikimedia.org/wikipedia/commons/thumb/8/81/Devastating_floods_in_eastern_Bangladesh_%28Copernicus_2024-09-03%29.png/1280px-Devastating_floods_in_eastern_Bangladesh_%28Copernicus_2024-09-03%29.png
flood/flood_bangladesh_2020_06.jpg,Bangladesh Floods,2020,flood,"Sylhet, Dhaka, Bangladesh",https://upload.wikimedia.org/wikipedia/commons/thumb/2/20/Disastrous_floods_in_Bangladesh.jpg/1280px-Disastrous_floods_in_Bangladesh.jpg
flood/flood_bangladesh_2020_07.jpg,Bangladesh Floods,2020,flood,"Sylhet, Dhaka, Bangladesh",https://upload.wikimedia.org/wikipedia/commons/thumb/8/80/Feni%2C_Bangladesh%2C_flood_patterns_showing_spatial_changes_in_recession_and_floods_between_2022_and_2023_and_2023_and_2024.jpg/1280px-Feni%2C_Bangladesh%2C_flood_patterns_showing_spatial_changes_in_recession_and_floods_between_2022_and_2023_and_2023_and_2024.jpg
flood/flood_bangladesh_2020_08.jpg,Bangladesh Floods,2020,flood,"Sylhet, Dhaka, Bangladesh",https://upload.wikimedia.org/wikipedia/commons/thumb/c/c1/Flood_in_bangladesh_2016_4.jpg/1280px-Flood_in_bangladesh_2016_4.jpg
flood/flood_bangladesh_2020_09.jpg,Bangladesh Floods,2020,flood,"Sylhet, Dhaka, Bangladesh",https://upload.wikimedia.org/wikipedia/commons/thumb/6/63/Flooding_in_Bangladesh_%28MODIS_2025-06-11%29.jpg/1280px-Flooding_in_Bangladesh_%28MODIS_2025-06-11%29.jpg
flood/flood_bangladesh_2020_10.jpg,Bangladesh Floods,2020,flood,"Sylhet, Dhaka, Bangladesh",https://upload.wikimedia.org/wikipedia/commons/thumb/6/6f/Flooding_in_Bangladesh_ESA240522.jpg/1280px-Flooding_in_Bangladesh_ESA240522.jpg
flood/flood_germany_2021_01.jpg,Germany Floods,2021,flood,"Rhineland-Palatinate, Germany",https://upload.wikimedia.org/wikipedia/commons/thumb/a/a3/Christmas_flood_1717.jpg/1280px-Christmas_flood_1717.jpg
flood/flood_germany_2021_02.jpg,Germany Floods,2021,flood,"Rhineland-Palatinate, Germany",https://upload.wikimedia.org/wikipedia/commons/thumb/c/cf/Consequences_of_the_floodings_in_Ahrweiler%2C_Germany.10.jpg/1280px-Consequences_of_the_floodings_in_Ahrweiler%2C_Germany.10.jpg
flood/flood_germany_2021_03.jpg,Germany Floods,2021,flood,"Rhineland-Palatinate, Germany",https://upload.wikimedia.org/wikipedia/commons/thumb/4/44/Consequences_of_the_floodings_in_Ahrweiler%2C_Germany.14.jpg/1280px-Consequences_of_the_floodings_in_Ahrweiler%2C_Germany.14.jpg
flood/flood_germany_2021_04.jpg,Germany Floods,2021,flood,"Rhineland-Palatinate, Germany",https://upload.wikimedia.org/wikipedia/commons/thumb/2/2d/Consequences_of_the_floodings_in_Ahrweiler%2C_Germany.16.jpg/1280px-Consequences_of_the_floodings_in_Ahrweiler%2C_Germany.16.jpg
flood/flood_germany_2021_05.jpg,Germany Floods,2021,flood,"Rhineland-Palatinate, Germany",https://upload.wikimedia.org/wikipedia/commons/thumb/2/29/Consequences_of_the_floodings_in_Ahrweiler%2C_Germany.18.jpg/1280px-Consequences_of_the_floodings_in_Ahrweiler%2C_Germany.18.jpg
flood/flood_germany_2021_06.jpg,Germany Floods,2021,flood,"Rhineland-Palatinate, Germany",https://upload.wikimedia.org/wikipedia/commons/thumb/a/af/Consequences_of_the_floodings_in_Ahrweiler%2C_Germany.25.jpg/1280px-Consequences_of_the_floodings_in_Ahrweiler%2C_Germany.25.jpg
flood/flood_germany_2021_07.jpg,Germany Floods,2021,flood,"Rhineland-Palatinate, Germany",https://upload.wikimedia.org/wikipedia/commons/thumb/f/fd/Consequences_of_the_floodings_in_Ahrweiler%2C_Germany.28.jpg/1280px-Consequences_of_the_floodings_in_Ahrweiler%2C_Germany.28.jpg
flood/flood_germany_2021_08.jpg,Germany Floods,2021,flood,"Rhineland-Palatinate, Germany",https://upload.wikimedia.org/wikipedia/commons/thumb/8/85/Consequences_of_the_floodings_in_Ahrweiler%2C_Germany.29.jpg/1280px-Consequences_of_the_floodings_in_Ahrweiler%2C_Germany.29.jpg
flood/flood_germany_2021_09.jpg,Germany Floods,2021,flood,"Rhineland-Palatinate, Germany",https://upload.wikimedia.org/wikipedia/commons/thumb/7/7f/Consequences_of_the_floodings_in_Ahrweiler%2C_Germany.3.jpg/1280px-Consequences_of_the_floodings_in_Ahrweiler%2C_Germany.3.jpg
flood/flood_germany_2021_10.jpg,Germany Floods,2021,flood,"Rhineland-Palatinate, Germany",https://upload.wikimedia.org/wikipedia/commons/thumb/9/9f/Consequences_of_the_floodings_in_Ahrweiler%2C_Germany.30.jpg/1280px-Consequences_of_the_floodings_in_Ahrweiler%2C_Germany.30.jpg
cyclone/cyclone_fani_2019_01.jpg,Cyclone Fani,2019,cyclone,"Odisha, India",
cyclone/cyclone_fani_2019_02.jpg,Cyclone Fani,2019,cyclone,"Odisha, India",https://upload.wikimedia.org/wikipedia/commons/thumb/6/68/Bhubaneswar_after_Cyclone_Fani.jpg/1280px-Bhubaneswar_after_Cyclone_Fani.jpg
cyclone/cyclone_fani_2019_03.jpg,Cyclone Fani,2019,cyclone,"Odisha, India",https://upload.wikimedia.org/wikipedia/commons/thumb/9/99/Bhubaneswar_before_cyclone_Fani.jpg/1280px-Bhubaneswar_before_cyclone_Fani.jpg
cyclone/cyclone_fani_2019_04.jpg,Cyclone Fani,2019,cyclone,"Odisha, India",https://upload.wikimedia.org/wikipedia/commons/thumb/9/9e/Cuttack_after_Fani.jpg/1280px-Cuttack_after_Fani.jpg
cyclone/cyclone_fani_2019_05.jpg,Cyclone Fani,2019,cyclone,"Odisha, India",https://upload.wikimedia.org/wikipedia/commons/thumb/b/b0/Cuttack_before_Fani.jpg/1280px-Cuttack_before_Fani.jpg
cyclone/cyclone_fani_2019_06.jpg,Cyclone Fani,2019,cyclone,"Odisha, India",https://upload.wikimedia.org/wikipedia/commons/thumb/8/87/Cyclone_Fani_Batters_India%E2%80%99s_Coastal_Odisha_State_%28NESDIS_2019-05-03%29.jpg/1280px-Cyclone_Fani_Batters_India%E2%80%99s_Coastal_Odisha_State_%28NESDIS_2019-05-03%29.jpg
cyclone/cyclone_fani_2019_07.jpg,Cyclone Fani,2019,cyclone,"Odisha, India",https://upload.wikimedia.org/wikipedia/commons/thumb/8/8b/Cyclone_Fani_ESA19374053.jpeg/1280px-Cyclone_Fani_ESA19374053.jpeg
cyclone/cyclone_fani_2019_08.jpg,Cyclone Fani,2019,cyclone,"Odisha, India",https://upload.wikimedia.org/wikipedia/commons/thumb/7/72/Damages_by_Cyclone_fani_1.jpg/1280px-Damages_by_Cyclone_fani_1.jpg
cyclone/cyclone_fani_2019_09.jpg,Cyclone Fani,2019,cyclone,"Odisha, India",https://upload.wikimedia.org/wikipedia/commons/thumb/4/43/Damages_by_Cyclone_fani_2.jpg/1280px-Damages_by_Cyclone_fani_2.jpg
cyclone/cyclone_fani_2019_10.jpg,Cyclone Fani,2019,cyclone,"Odisha, India",https://upload.wikimedia.org/wikipedia/commons/thumb/2/2d/Damages_by_Cyclone_fani_3.jpg/1280px-Damages_by_Cyclone_fani_3.jpg
cyclone/cyclone_amphan_2020_01.jpg,Cyclone Amphan,2020,cyclone,"West Bengal, Odisha, India",https://upload.wikimedia.org/wikipedia/commons/thumb/f/f3/Amphan_180520.jpg/1280px-Amphan_180520.jpg
cyclone/cyclone_amphan_2020_02.jpg,Cyclone Amphan,2020,cyclone,"West Bengal, Odisha, India",https://upload.wikimedia.org/wikipedia/commons/thumb/b/b9/Amphan_2020-05-17_1625Z.jpg/1280px-Amphan_2020-05-17_1625Z.jpg
cyclone/cyclone_amphan_2020_03.jpg,Cyclone Amphan,2020,cyclone,"West Bengal, Odisha, India",https://upload.wikimedia.org/wikipedia/commons/thumb/5/5b/Amphan_2020-05-18_0745Z.jpg/1280px-Amphan_2020-05-18_0745Z.jpg
cyclone/cyclone_amphan_2020_04.png,Cyclone Amphan,2020,cyclone,"West Bengal, Odisha, India",https://upload.wikimedia.org/wikipedia/commons/thumb/e/ea/Amphan_2020-05-18_1110Z.png/1280px-Amphan_2020-05-18_1110Z.png
cyclone/cyclone_amphan_2020_05.jpg,Cyclone Amphan,2020,cyclone,"West Bengal, Odisha, India",https://upload.wikimedia.org/wikipedia/commons/thumb/a/ac/Amphan_2020-05-18_1746Z.jpg/1280px-Amphan_2020-05-18_1746Z.jpg
cyclone/cyclone_amphan_2020_06.png,Cyclone Amphan,2020,cyclone,"West Bengal, Odisha, India",https://upload.wikimedia.org/wikipedia/commons/9/99/Cyclone_Amphan_2020-05-17_1300Z.png
cyclone/cyclone_amphan_2020_07.jpg,Cyclone Amphan,2020,cyclone,"West Bengal, Odisha, India",https://upload.wikimedia.org/wikipedia/commons/6/68/Cyclone_Amphan_2020-05-17_2334Z_IR.jpg
cyclone/cyclone_amphan_2020_08.jpg,Cyclone Amphan,2020,cyclone,"West Bengal, Odisha, India",https://upload.wikimedia.org/wikipedia/commons/8/88/Cyclone_Amphan_2020-05-18_1400Z_IR.jpg
cyclone/cyclone_amphan_2020_09.jpg,Cyclone Amphan,2020,cyclone,"West Bengal, Odisha, India",https://upload.wikimedia.org/wikipedia/commons/thumb/d/d7/Cyclone_Amphan_east_of_India_-_May_17th%2C_2020_%2849905393741%29.jpg/1280px-Cyclone_Amphan_east_of_India_-_May_17th%2C_2020_%2849905393741%29.jpg
cyclone/cyclone_amphan_2020_10.jpg,Cyclone Amphan,2020,cyclone,"West Bengal, Odisha, India",https://upload.wikimedia.org/wikipedia/commons/0/05/Cyclone_Amphan_making_landfall_over_Bangladesh_ESA22028814.jpeg
cyclone/cyclone_yaas_2021_01.png,Cyclone Yaas,2021,cyclone,"West Bengal, Odisha, India",https://upload.wikimedia.org/wikipedia/commons/thumb/0/04/02B_Geostationary_VIS-IR_2021.png/1280px-02B_Geostationary_VIS-IR_2021.png
cyclone/cyclone_yaas_2021_02.jpg,Cyclone Yaas,2021,cyclone,"West Bengal, Odisha, India",https://upload.wikimedia.org/wikipedia/commons/thumb/c/c9/2021-05-26_Relief_supplies_distribution_Cyclone_Yaas_Khulna_district_Paikgacha_Dakop_Koyra_%28PID-0029233%29.jpg/1280px-2021-05-26_Relief_supplies_distribution_Cyclone_Yaas_Khulna_district_Paikgacha_Dakop_Koyra_%28PID-0029233%29.jpg
cyclone/cyclone_yaas_2021_03.jpg,Cyclone Yaas,2021,cyclone,"West Bengal, Odisha, India",https://upload.wikimedia.org/wikipedia/commons/0/08/2021_JTWC_02B_IR_satellite_imagery.jpg
cyclone/cyclone_yaas_2021_04.jpg,Cyclone Yaas,2021,cyclone,"West Bengal, Odisha, India",https://upload.wikimedia.org/wikipedia/commons/thumb/4/49/3.3_million_children_affected_in_West_Bengal_due_to_cyclone_Yaas-Sundarban-West_Bengal-June_2021-20210620_133404.jpg/1280px-3.3_million_children_affected_in_West_Bengal_due_to_cyclone_Yaas-Sundarban-West_Bengal-June_2021-20210620_133404.jpg
cyclone/cyclone_yaas_2021_05.jpg,Cyclone Yaas,2021,cyclone,"West Bengal, Odisha, India",https://upload.wikimedia.org/wikipedia/commons/thumb/0/02/After_effect_of_Cyclone_Yaas-Sundarban-West_Bengal-June_2021_20210620_111925.jpg/1280px-After_effect_of_Cyclone_Yaas-Sundarban-West_Bengal-June_2021_20210620_111925.jpg
cyclone/cyclone_yaas_2021_06.png,Cyclone Yaas,2021,cyclone,"West Bengal, Odisha, India",https://upload.wikimedia.org/wikipedia/commons/1/1f/Cyclone_Yaas_and_Cyclone_Taukutae.png
cyclone/cyclone_yaas_2021_07.jpg,Cyclone Yaas,2021,cyclone,"West Bengal, Odisha, India",https://upload.wikimedia.org/wikipedia/commons/thumb/e/e7/Flooding_from_Yaas_in_India_%28MODIS_2021-06-07%29.jpg/1280px-Flooding_from_Yaas_in_India_%28MODIS_2021-06-07%29.jpg
cyclone/cyclone_yaas_2021_08.jpg,Cyclone Yaas,2021,cyclone,"West Bengal, Odisha, India",https://upload.wikimedia.org/wikipedia/commons/thumb/4/4b/Harsh_life_after_cyclone_Yaas-Sundarban_West_Bengal-June_2021_20210620_111544.jpg/1280px-Harsh_life_after_cyclone_Yaas-Sundarban_West_Bengal-June_2021_20210620_111544.jpg
cyclone/cyclone_yaas_2021_09.jpg,Cyclone Yaas,2021,cyclone,"West Bengal, Odisha, India",https://upload.wikimedia.org/wikipedia/commons/thumb/d/d1/Makeshift_or_jugar_vehicle_to_reach_the_cyclone_Yaas_affected_area-Sundarban-West_Bengal-June_2021_20210620_134338.jpg/1280px-Makeshift_or_jugar_vehicle_to_reach_the_cyclone_Yaas_affected_area-Sundarban-West_Bengal-June_2021_20210620_134338.jpg
cyclone/cyclone_yaas_2021_10.jpg,Cyclone Yaas,2021,cyclone,"West Bengal, Odisha, India",https://upload.wikimedia.org/wikipedia/commons/thumb/3/37/Medical_shop_and_its_customer_in_new_normal_process_to_fight_Corona_Virus-Delhi-June_2020-IMG_20200603_145616.jpg/1280px-Medical_shop_and_its_customer_in_new_normal_process_to_fight_Corona_Virus-Delhi-June_2020-IMG_20200603_145616.jpg
cyclone/cyclone_tauktae_2021_01.png,Cyclone Tauktae,2021,cyclone,"Gujarat, India",https://upload.wikimedia.org/wikipedia/commons/thumb/2/2a/01A_Geostationary_VIS-IR_2021.png/1280px-01A_Geostationary_VIS-IR_2021.png
cyclone/cyclone_tauktae_2021_02.jpg,Cyclone Tauktae,2021,cyclone,"Gujarat, India",https://upload.wikimedia.org/wikipedia/commons/thumb/3/34/Cyclone_in_Kokan.jpg/1280px-Cyclone_in_Kokan.jpg
cyclone/cyclone_tauktae_2021_03.jpg,Cyclone Tauktae,2021,cyclone,"Gujarat, India",https://upload.wikimedia.org/wikipedia/commons/thumb/9/9a/Cyclonic_Storm_Tauktae_%28Copernicus%29.jpg/1280px-Cyclonic_Storm_Tauktae_%28Copernicus%29.jpg
cyclone/cyclone_tauktae_2021_04.png,Cyclone Tauktae,2021,cyclone,"Gujarat, India",https://upload.wikimedia.org/wikipedia/commons/thumb/d/dc/Major_Tropical_Cyclones_of_2021.png/1280px-Major_Tropical_Cyclones_of_2021.png
cyclone/cyclone_tauktae_2021_05.jpg,Cyclone Tauktae,2021,cyclone,"Gujarat, India",https://upload.wikimedia.org/wikipedia/commons/thumb/b/be/Major_Tropical_Cyclones_of_2021_with_text.jpg/1280px-Major_Tropical_Cyclones_of_2021_with_text.jpg
cyclone/cyclone_tauktae_2021_06.jpg,Cyclone Tauktae,2021,cyclone,"Gujarat, India",https://upload.wikimedia.org/wikipedia/commons/thumb/9/98/Major_Tropical_Cyclones_of_2021_without_text.jpg/1280px-Major_Tropical_Cyclones_of_2021_without_text.jpg
cyclone/cyclone_tauktae_2021_07.jpg,Cyclone Tauktae,2021,cyclone,"Gujarat, India",https://upload.wikimedia.org/wikipedia/commons/thumb/e/e7/Tauktae_2021-05-15_0000Z.jpg/1280px-Tauktae_2021-05-15_0000Z.jpg
cyclone/cyclone_tauktae_2021_08.jpg,Cyclone Tauktae,2021,cyclone,"Gujarat, India",https://upload.wikimedia.org/wikipedia/commons/thumb/d/d7/Tauktae_2021-05-15_0820Z.jpg/1280px-Tauktae_2021-05-15_0820Z.jpg
cyclone/cyclone_tauktae_2021_09.png,Cyclone Tauktae,2021,cyclone,"Gujarat, India",https://upload.wikimedia.org/wikipedia/commons/thumb/1/12/Tauktae_2021-05-15_0835Z.png/1280px-Tauktae_2021-05-15_0835Z.png
cyclone/cyclone_tauktae_2021_10.jpg,Cyclone Tauktae,2021,cyclone,"Gujarat, India",https://upload.wikimedia.org/wikipedia/commons/thumb/3/35/Tauktae_2021-05-16_0555Z.jpg/1280px-Tauktae_2021-05-16_0555Z.jpg
cyclone/cyclone_odisha_1999_01.jpg,Odisha Super Cyclone,1999,cyclone,"Odisha, India",https://upload.wikimedia.org/wikipedia/commons/thumb/8/87/05B_1999-10-29_0000Z.jpg/1280px-05B_1999-10-29_0000Z.jpg
cyclone/cyclone_odisha_1999_02.jpg,Odisha Super Cyclone,1999,cyclone,"Odisha, India",https://upload.wikimedia.org/wikipedia/commons/thumb/6/60/1999_Events_montage_16-grid_version.jpg/1280px-1999_Events_montage_16-grid_version.jpg
cyclone/cyclone_odisha_1999_03.jpg,Odisha Super Cyclone,1999,cyclone,"Odisha, India",https://upload.wikimedia.org/wikipedia/commons/thumb/0/0b/Amphan_2020-05-20_0730Z_%28large%29.jpg/1280px-Amphan_2020-05-20_0730Z_%28large%29.jpg
cyclone/cyclone_odisha_1999_04.jpg,Odisha Super Cyclone,1999,cyclone,"Odisha, India",https://upload.wikimedia.org/wikipedia/commons/9/9a/Capt_Raghav_CO_Rajput_introducing_ships_officers_to_Vice_Adm_AB_Singh_FOCINC_ENC_during_the_Decommissioning_Ceremony.jpg
cyclone/cyclone_odisha_1999_05.jpg,Odisha Super Cyclone,1999,cyclone,"Odisha, India",https://upload.wikimedia.org/wikipedia/commons/e/e0/Cyclone_05B.jpg
cyclone/cyclone_odisha_1999_06.jpg,Odisha Super Cyclone,1999,cyclone,"Odisha, India",https://upload.wikimedia.org/wikipedia/commons/thumb/1/16/Mocha_Makes_Landfall_in_Myanmar_%28MODIS%29.jpg/1280px-Mocha_Makes_Landfall_in_Myanmar_%28MODIS%29.jpg
cyclone/cyclone_odisha_1999_07.jpg,Odisha Super Cyclone,1999,cyclone,"Odisha, India",https://upload.wikimedia.org/wikipedia/commons/thumb/3/37/Most_Intense_Tropical_Cyclones.jpg/1280px-Most_Intense_Tropical_Cyclones.jpg
cyclone/cyclone_odisha_1999_08.jpg,Odisha Super Cyclone,1999,cyclone,"Odisha, India",https://upload.wikimedia.org/wikipedia/commons/4/44/Naval_Ensign_being_lowered_for_the_last_time_on_INS_Rajput_during_the_Decommissioning_Ceremony.jpg
cyclone/cyclone_odisha_1999_09.jpg,Odisha Super Cyclone,1999,cyclone,"Odisha, India",https://upload.wikimedia.org/wikipedia/commons/6/63/Naval_Guard_being_paraded_on_INS_Rajput_for_the_last_time_during_the_Decommissioning_Ceremony.jpg
cyclone/cyclone_odisha_1999_10.jpg,Odisha Super Cyclone,1999,cyclone,"Odisha, India",https://upload.wikimedia.org/wikipedia/commons/5/55/Releasing_the_Special_Postal_Cover_by_Vice_Adm_AB_Singh_in_recognition_of_the_41_glorious_years_of_INS_Rajput.jpg
cyclone/cyclone_hudhud_2014_01.jpg,Cyclone Hudhud,2014,cyclone,"Andhra Pradesh, India",https://upload.wikimedia.org/wikipedia/commons/c/c6/Aerial_view_northeast_of_Purushottampurum_in_the_aftermath_of_Cyclone_Hudhud.jpg
cyclone/cyclone_hudhud_2014_02.jpg,Cyclone Hudhud,2014,cyclone,"Andhra Pradesh, India",https://upload.wikimedia.org/wikipedia/commons/d/d6/Aerial_view_northeast_of_Srikakulam_in_the_aftermath_of_Cyclone_Hudhud.jpg
cyclone/cyclone_hudhud_2014_03.jpg,Cyclone Hudhud,2014,cyclone,"Andhra Pradesh, India",https://upload.wikimedia.org/wikipedia/commons/9/92/Aerial_view_of_Purushottampurum_in_the_aftermath_of_Cyclone_Hudhud_%281%29.jpg
cyclone/cyclone_hudhud_2014_04.jpg,Cyclone Hudhud,2014,cyclone,"Andhra Pradesh, India",https://upload.wikimedia.org/wikipedia/commons/c/c5/Aerial_view_of_Purushottampurum_in_the_aftermath_of_Cyclone_Hudhud_%282%29.jpg
cyclone/cyclone_hudhud_2014_05.jpg,Cyclone Hudhud,2014,cyclone,"Andhra Pradesh, India",https://upload.wikimedia.org/wikipedia/commons/4/49/Aerial_view_west_of_Srikakulam_in_the_aftermath_of_Cyclone_Hudhud.jpg
cyclone/cyclone_hudhud_2014_06.jpg,Cyclone Hudhud,2014,cyclone,"Andhra Pradesh, India",https://upload.wikimedia.org/wikipedia/commons/thumb/3/3c/An_old_House_after_Cyclone_Hudhud_at_Bheemunipatnam.jpg/1280px-An_old_House_after_Cyclone_Hudhud_at_Bheemunipatnam.jpg
cyclone/cyclone_hudhud_2014_07.jpg,Cyclone Hudhud,2014,cyclone,"Andhra Pradesh, India",https://upload.wikimedia.org/wikipedia/commons/9/99/Broken_conveyor_belt_sheds_in_the_aftermath_of_Cyclone_Hudhud.jpg
cyclone/cyclone_hudhud_2014_08.jpg,Cyclone Hudhud,2014,cyclone,"Andhra Pradesh, India",https://upload.wikimedia.org/wikipedia/commons/thumb/6/64/Cyclone_Hudhud_GITAM_University_01.jpg/1280px-Cyclone_Hudhud_GITAM_University_01.jpg
cyclone/cyclone_hudhud_2014_09.jpg,Cyclone Hudhud,2014,cyclone,"Andhra Pradesh, India",https://upload.wikimedia.org/wikipedia/commons/thumb/5/5a/Cyclone_Hudhud_GITAM_University_02.jpg/1280px-Cyclone_Hudhud_GITAM_University_02.jpg
cyclone/cyclone_hudhud_2014_10.jpg,Cyclone Hudhud,2014,cyclone,"Andhra Pradesh, India",https://upload.wikimedia.org/wikipedia/commons/thumb/0/0f/Cyclone_Hudhud_GITAM_University_03.jpg/1280px-Cyclone_Hudhud_GITAM_University_03.jpg
cyclone/cyclone_phailin_2013_01.jpg,Cyclone Phailin,2013,cyclone,"Odisha, Andhra Pradesh, India",https://upload.wikimedia.org/wikipedia/commons/2/25/20131010_1640_Terra_ir_modir_PHAILIN_1KM.jpg
cyclone/cyclone_phailin_2013_02.jpg,Cyclone Phailin,2013,cyclone,"Odisha, Andhra Pradesh, India",https://upload.wikimedia.org/wikipedia/commons/a/a3/20131010_1800_meteo-7_ir_02B_PHAILIN_100kts_948mb_15_4N_90_3E_100pc.jpg
cyclone/cyclone_phailin_2013_03.jpg,Cyclone Phailin,2013,cyclone,"Odisha, Andhra Pradesh, India",https://upload.wikimedia.org/wikipedia/commons/thumb/9/95/Army_Jawans_coming_back_after_doing_massive_rescue_operations_in_Gopalpur_area_of_Odisha_by_clearing_road_damaged_after_Phailin_cyclone.jpg/1280px-Army_Jawans_coming_back_after_doing_massive_rescue_operations_in_Gopalpur_area_of_Odisha_by_clearing_road_damaged_after_Phailin_cyclone.jpg
cyclone/cyclone_phailin_2013_04.png,Cyclone Phailin,2013,cyclone,"Odisha, Andhra Pradesh, India",https://upload.wikimedia.org/wikipedia/commons/e/e8/Cyclone_Phailin_11_Oct_2013_1145z.png
cyclone/cyclone_phailin_2013_05.png,Cyclone Phailin,2013,cyclone,"Odisha, Andhra Pradesh, India",https://upload.wikimedia.org/wikipedia/commons/c/c4/Cyclone_Phailin_2013-10-10_1200Z.png
cyclone/cyclone_phailin_2013_06.jpg,Cyclone Phailin,2013,cyclone,"Odisha, Andhra Pradesh, India",https://upload.wikimedia.org/wikipedia/commons/3/33/Cyclone_Phailin_F-17_91H_microwave_pass_12_October_2013_0038z.jpg
cyclone/cyclone_phailin_2013_07.jpg,Cyclone Phailin,2013,cyclone,"Odisha, Andhra Pradesh, India",https://upload.wikimedia.org/wikipedia/commons/thumb/9/92/Major_Tropical_Cyclones_of_2013.jpg/1280px-Major_Tropical_Cyclones_of_2013.jpg
cyclone/cyclone_phailin_2013_08.jpg,Cyclone Phailin,2013,cyclone,"Odisha, Andhra Pradesh, India",https://upload.wikimedia.org/wikipedia/commons/thumb/e/e6/October_rain_2013_03.jpg/1280px-October_rain_2013_03.jpg
cyclone/cyclone_phailin_2013_09.jpg,Cyclone Phailin,2013,cyclone,"Odisha, Andhra Pradesh, India",https://upload.wikimedia.org/wikipedia/commons/thumb/6/69/Phailin_2013-10-08_0730Z.jpg/1280px-Phailin_2013-10-08_0730Z.jpg
cyclone/cyclone_phailin_2013_10.jpg,Cyclone Phailin,2013,cyclone,"Odisha, Andhra Pradesh, India",https://upload.wikimedia.org/wikipedia/commons/thumb/6/6a/Phailin_2013-10-10_0410Z.jpg/1280px-Phailin_2013-10-10_0410Z.jpg
cyclone/cyclone_nargis_2008_01.jpg,Cyclone Nargis,2008,cyclone,"Ayeyarwady Delta, Myanmar",https://upload.wikimedia.org/wikipedia/commons/thumb/a/a4/Australian_aid_being_unloaded_in_Myanmar_in_response_to_Cyclone_Nargis%2C_2008._Photo-_AusAID_%2810673679205%29.jpg/1280px-Australian_aid_being_unloaded_in_Myanmar_in_response_to_Cyclone_Nargis%2C_2008._Photo-_AusAID_%2810673679205%29.jpg
cyclone/cyclone_nargis_2008_02.jpg,Cyclone Nargis,2008,cyclone,"Ayeyarwady Delta, Myanmar",https://upload.wikimedia.org/wikipedia/commons/thumb/4/46/Australian_aid_being_unloaded_in_Myanmar_in_response_to_Cyclone_Nargis%2C_2008._Photo-_AusAID_%2810673724276%29.jpg/1280px-Australian_aid_being_unloaded_in_Myanmar_in_response_to_Cyclone_Nargis%2C_2008._Photo-_AusAID_%2810673724276%29.jpg
cyclone/cyclone_nargis_2008_03.jpg,Cyclone Nargis,2008,cyclone,"Ayeyarwady Delta, Myanmar",https://upload.wikimedia.org/wikipedia/commons/thumb/b/be/Australian_aid_being_unloaded_in_Myanmar_in_response_to_Cyclone_Nargis%2C_2008._Photo-_AusAID_%2810673729926%29.jpg/1280px-Australian_aid_being_unloaded_in_Myanmar_in_response_to_Cyclone_Nargis%2C_2008._Photo-_AusAID_%2810673729926%29.jpg
cyclone/cyclone_nargis_2008_04.jpg,Cyclone Nargis,2008,cyclone,"Ayeyarwady Delta, Myanmar",https://upload.wikimedia.org/wikipedia/commons/thumb/6/61/Cyclone_Nargis_%2810690701526%29.jpg/1280px-Cyclone_Nargis_%2810690701526%29.jpg
cyclone/cyclone_nargis_2008_05.jpg,Cyclone Nargis,2008,cyclone,"Ayeyarwady Delta, Myanmar",https://upload.wikimedia.org/wikipedia/commons/thumb/e/e7/Cyclone_Nargis_%2810690721524%29.jpg/1280px-Cyclone_Nargis_%2810690721524%29.jpg
cyclone/cyclone_nargis_2008_06.jpg,Cyclone Nargis,2008,cyclone,"Ayeyarwady Delta, Myanmar",https://upload.wikimedia.org/wikipedia/commons/thumb/b/b0/Cyclone_Nargis_%2810690793574%29.jpg/1280px-Cyclone_Nargis_%2810690793574%29.jpg
cyclone/cyclone_nargis_2008_07.jpg,Cyclone Nargis,2008,cyclone,"Ayeyarwady Delta, Myanmar",https://upload.wikimedia.org/wikipedia/commons/thumb/8/82/Cyclone_Nargis_%2810690810694%29.jpg/1280px-Cyclone_Nargis_%2810690810694%29.jpg
cyclone/cyclone_nargis_2008_08.jpg,Cyclone Nargis,2008,cyclone,"Ayeyarwady Delta, Myanmar",https://upload.wikimedia.org/wikipedia/commons/thumb/0/0d/Cyclone_Nargis_%2810690825034%29.jpg/1280px-Cyclone_Nargis_%2810690825034%29.jpg
cyclone/cyclone_nargis_2008_09.jpg,Cyclone Nargis,2008,cyclone,"Ayeyarwady Delta, Myanmar",https://upload.wikimedia.org/wikipedia/commons/thumb/0/0c/Cyclone_Nargis_%2810690842656%29.jpg/1280px-Cyclone_Nargis_%2810690842656%29.jpg
cyclone/cyclone_nargis_2008_10.jpg,Cyclone Nargis,2008,cyclone,"Ayeyarwady Delta, Myanmar",https://upload.wikimedia.org/wikipedia/commons/thumb/1/19/Cyclone_Nargis_%2810690891493%29.jpg/1280px-Cyclone_Nargis_%2810690891493%29.jpg
cyclone/cyclone_mocha_2023_01.jpg,Cyclone Mocha,2023,cyclone,"Rakhine State, Myanmar",https://upload.wikimedia.org/wikipedia/commons/thumb/5/55/AA_soldiers_helped_evacuation_of_villagers_in_Rakhine_before_Cyclone_Mocha.jpg/1280px-AA_soldiers_helped_evacuation_of_villagers_in_Rakhine_before_Cyclone_Mocha.jpg
cyclone/cyclone_mocha_2023_02.jpg,Cyclone Mocha,2023,cyclone,"Rakhine State, Myanmar",https://upload.wikimedia.org/wikipedia/commons/thumb/a/a1/Cyclone_Mocha.jpg/1280px-Cyclone_Mocha.jpg
cyclone/cyclone_mocha_2023_03.png,Cyclone Mocha,2023,cyclone,"Rakhine State, Myanmar",https://upload.wikimedia.org/wikipedia/commons/thumb/e/e4/Cyclone_Mocha_Forms_in_Bay_of_Bengal_%28CIRA_2023-05-11%29.png/1280px-Cyclone_Mocha_Forms_in_Bay_of_Bengal_%28CIRA_2023-05-11%29.png
cyclone/cyclone_mocha_2023_04.png,Cyclone Mocha,2023,cyclone,"Rakhine State, Myanmar",https://upload.wikimedia.org/wikipedia/commons/thumb/2/2e/Cyclone_Mocha_Intensifies_into_Powerful_Storm_Headed_for_Myanmar_and_Bangladesh_%28CIRA_2023-05-14%29.png/1280px-Cyclone_Mocha_Intensifies_into_Powerful_Storm_Headed_for_Myanmar_and_Bangladesh_%28CIRA_2023-05-14%29.png
cyclone/cyclone_mocha_2023_05.png,Cyclone Mocha,2023,cyclone,"Rakhine State, Myanmar",https://upload.wikimedia.org/wikipedia/commons/thumb/6/64/Cyclone_Mocha_Makes_Landfall_in_Myanmar_%28CIRA_2023-05-15%29.png/1280px-Cyclone_Mocha_Makes_Landfall_in_Myanmar_%28CIRA_2023-05-15%29.png
cyclone/cyclone_mocha_2023_06.jpg,Cyclone Mocha,2023,cyclone,"Rakhine State, Myanmar",https://upload.wikimedia.org/wikipedia/commons/8/8e/Cyclone_Mocha_and_Tropical_Disturbance_10.jpg
cyclone/cyclone_mocha_2023_07.jpg,Cyclone Mocha,2023,cyclone,"Rakhine State, Myanmar",https://upload.wikimedia.org/wikipedia/commons/thumb/0/0f/Earth_from_Space-_Cyclone_Mocha_ESA24971470.jpg/1280px-Earth_from_Space-_Cyclone_Mocha_ESA24971470.jpg
cyclone/cyclone_mocha_2023_08.jpg,Cyclone Mocha,2023,cyclone,"Rakhine State, Myanmar",https://upload.wikimedia.org/wikipedia/commons/thumb/0/00/Mocha_2023-05-11_0430Z.jpg/1280px-Mocha_2023-05-11_0430Z.jpg
cyclone/cyclone_mocha_2023_09.jpg,Cyclone Mocha,2023,cyclone,"Rakhine State, Myanmar",https://upload.wikimedia.org/wikipedia/commons/thumb/a/af/Mocha_2023-05-11_0710Z.jpg/1280px-Mocha_2023-05-11_0710Z.jpg
cyclone/cyclone_mocha_2023_10.jpg,Cyclone Mocha,2023,cyclone,"Rakhine State, Myanmar",https://upload.wikimedia.org/wikipedia/commons/thumb/a/ab/Mocha_2023-05-12_0440Z.jpg/1280px-Mocha_2023-05-12_0440Z.jpg
cyclone/cyclone_biparjoy_2023_01.jpg,Cyclone Biparjoy,2023,cyclone,"Gujarat, India",
cyclone/cyclone_biparjoy_2023_02.jpg,Cyclone Biparjoy,2023,cyclone,"Gujarat, India",
cyclone/cyclone_biparjoy_2023_03.jpg,Cyclone Biparjoy,2023,cyclone,"Gujarat, India",
cyclone/cyclone_biparjoy_2023_04.jpg,Cyclone Biparjoy,2023,cyclone,"Gujarat, India",
cyclone/cyclone_biparjoy_2023_05.jpg,Cyclone Biparjoy,2023,cyclone,"Gujarat, India",
cyclone/cyclone_biparjoy_2023_06.jpg,Cyclone Biparjoy,2023,cyclone,"Gujarat, India",
cyclone/cyclone_biparjoy_2023_07.jpg,Cyclone Biparjoy,2023,cyclone,"Gujarat, India",
cyclone/cyclone_biparjoy_2023_08.jpg,Cyclone Biparjoy,2023,cyclone,"Gujarat, India",https://upload.wikimedia.org/wikipedia/commons/thumb/6/62/Biparjoy_2023-06-06_0900Z.jpg/1280px-Biparjoy_2023-06-06_0900Z.jpg
cyclone/cyclone_biparjoy_2023_09.jpg,Cyclone Biparjoy,2023,cyclone,"Gujarat, India",https://upload.wikimedia.org/wikipedia/commons/thumb/e/e7/Biparjoy_2023-06-07_0915Z.jpg/1280px-Biparjoy_2023-06-07_0915Z.jpg
cyclone/cyclone_biparjoy_2023_10.jpg,Cyclone Biparjoy,2023,cyclone,"Gujarat, India",https://upload.wikimedia.org/wikipedia/commons/thumb/3/37/Biparjoy_2023-06-08_0535Z.jpg/1280px-Biparjoy_2023-06-08_0535Z.jpg
earthquake/earthquake_gujarat_2001_01.png,Bhuj Earthquake,2001,earthquake,"Gujarat, India",
earthquake/earthquake_gujarat_2001_02.jpg,Bhuj Earthquake,2001,earthquake,"Gujarat, India",
earthquake/earthquake_gujarat_2001_03.png,Bhuj Earthquake,2001,earthquake,"Gujarat, India",https://upload.wikimedia.org/wikipedia/commons/c/ce/2001_Events_Collage.png
earthquake/earthquake_gujarat_2001_04.jpg,Bhuj Earthquake,2001,earthquake,"Gujarat, India",https://upload.wikimedia.org/wikipedia/commons/0/0c/2001_Events_Collage_3.0.jpg
earthquake/earthquake_gujarat_2001_05.jpg,Bhuj Earthquake,2001,earthquake,"Gujarat, India",https://upload.wikimedia.org/wikipedia/commons/thumb/9/9e/2001_Events_montage_16-grid_version.jpg/1280px-2001_Events_montage_16-grid_version.jpg
earthquake/earthquake_gujarat_2001_06.jpg,Bhuj Earthquake,2001,earthquake,"Gujarat, India",https://upload.wikimedia.org/wikipedia/commons/4/48/2001_Gujarat_earthquake_intensity.jpg
earthquake/earthquake_gujarat_2001_07.jpg,Bhuj Earthquake,2001,earthquake,"Gujarat, India",https://upload.wikimedia.org/wikipedia/commons/thumb/2/27/A_2.5_ton_truck_intended_for_Indian_earthquake_relief_is_unloaded_from_a_Dover_AFB%2C_Delaware%2C_based_C-5_%22Galaxy%22_before_being_loaded_aboard_a_C-17_Globemaster_for_its_delivery_to_Ahmedabad.JPG/1280px-thumbnail.jpg
earthquake/earthquake_gujarat_2001_08.jpg,Bhuj Earthquake,2001,earthquake,"Gujarat, India",https://upload.wikimedia.org/wikipedia/commons/thumb/5/5a/A_C-17_Globemaster_III%2C_from_the_7th_Airlift_Squadron%2C_62nd_Airlift_Wing%2C_McChord_Air_Force_Base%2C_Wash.%2C_refuels_from_a_KC-135R_from_the_909th_Air_Refueling_Squadron%2C_18th_Wing%2C_Kadena_Air_Base%2C_Japan.JPG/1280px-thumbnail.jpg
earthquake/earthquake_gujarat_2001_09.jpg,Bhuj Earthquake,2001,earthquake,"Gujarat, India",https://upload.wikimedia.org/wikipedia/commons/thumb/7/74/Bhujiyo_dunger.jpg/1280px-Bhujiyo_dunger.jpg
earthquake/earthquake_gujarat_2001_10.jpg,Bhuj Earthquake,2001,earthquake,"Gujarat, India",https://upload.wikimedia.org/wikipedia/commons/thumb/4/43/Building_with_cracks_due_to_the_2001_earthquake._-_panoramio.jpg/1280px-Building_with_cracks_due_to_the_2001_earthquake._-_panoramio.jpg
earthquake/earthquake_nepal_2015_01.jpg,Nepal Earthquake,2015,earthquake,"Gorkha, Kathmandu, Nepal",https://upload.wikimedia.org/wikipedia/commons/thumb/a/ae/2015_Nepal_Earthquake_Exclusive_01.JPG/1280px-2015_Nepal_Earthquake_Exclusive_01.JPG
earthquake/earthquake_nepal_2015_02.jpg,Nepal Earthquake,2015,earthquake,"Gorkha, Kathmandu, Nepal",https://upload.wikimedia.org/wikipedia/commons/thumb/d/d6/2015_Nepal_Earthquake_Exclusive_02.JPG/1280px-2015_Nepal_Earthquake_Exclusive_02.JPG
earthquake/earthquake_nepal_2015_03.jpg,Nepal Earthquake,2015,earthquake,"Gorkha, Kathmandu, Nepal",https://upload.wikimedia.org/wikipedia/commons/thumb/9/99/2015_Nepal_Earthquake_Exclusive_03.JPG/1280px-2015_Nepal_Earthquake_Exclusive_03.JPG
earthquake/earthquake_nepal_2015_04.jpg,Nepal Earthquake,2015,earthquake,"Gorkha, Kathmandu, Nepal",https://upload.wikimedia.org/wikipedia/commons/thumb/8/80/2015_Nepal_Earthquake_Exclusive_04.JPG/1280px-2015_Nepal_Earthquake_Exclusive_04.JPG
earthquake/earthquake_nepal_2015_05.jpg,Nepal Earthquake,2015,earthquake,"Gorkha, Kathmandu, Nepal",https://upload.wikimedia.org/wikipedia/commons/thumb/6/61/2015_Nepal_Earthquake_Exclusive_05.JPG/1280px-2015_Nepal_Earthquake_Exclusive_05.JPG
earthquake/earthquake_nepal_2015_06.jpg,Nepal Earthquake,2015,earthquake,"Gorkha, Kathmandu, Nepal",https://upload.wikimedia.org/wikipedia/commons/thumb/5/5e/Earthquake_Nepal_2015_01.JPG/1280px-Earthquake_Nepal_2015_01.JPG
earthquake/earthquake_nepal_2015_07.jpg,Nepal Earthquake,2015,earthquake,"Gorkha, Kathmandu, Nepal",https://upload.wikimedia.org/wikipedia/commons/thumb/a/ad/Earthquake_Nepal_2015_03.JPG/1280px-Earthquake_Nepal_2015_03.JPG
earthquake/earthquake_nepal_2015_08.jpg,Nepal Earthquake,2015,earthquake,"Gorkha, Kathmandu, Nepal",https://upload.wikimedia.org/wikipedia/commons/thumb/d/d8/Earthquake_Nepal_2015_04.JPG/1280px-Earthquake_Nepal_2015_04.JPG
earthquake/earthquake_nepal_2015_09.jpg,Nepal Earthquake,2015,earthquake,"Gorkha, Kathmandu, Nepal",https://upload.wikimedia.org/wikipedia/commons/thumb/f/ff/Earthquake_Nepal_2015_05.JPG/1280px-Earthquake_Nepal_2015_05.JPG
earthquake/earthquake_nepal_2015_10.jpg,Nepal Earthquake,2015,earthquake,"Gorkha, Kathmandu, Nepal",https://upload.wikimedia.org/wikipedia/commons/thumb/e/e1/Earthquake_Nepal_2015_06.JPG/1280px-Earthquake_Nepal_2015_06.JPG
earthquake/earthquake_turkey_2023_01.jpg,Turkey Earthquake,2023,earthquake,"Kahramanmaras, Turkey",https://upload.wikimedia.org/wikipedia/commons/thumb/6/6d/2020_Aegean_Sea_earthquake_search_and_rescue_efforts_2.jpg/1280px-2020_Aegean_Sea_earthquake_search_and_rescue_efforts_2.jpg
earthquake/earthquake_turkey_2023_02.jpg,Turkey Earthquake,2023,earthquake,"Kahramanmaras, Turkey",https://upload.wikimedia.org/wikipedia/commons/4/45/2020_February_23_0553_Iran-Turkey_border_region_earthquake_intensity.jpg
earthquake/earthquake_turkey_2023_03.jpg,Turkey Earthquake,2023,earthquake,"Kahramanmaras, Turkey",https://upload.wikimedia.org/wikipedia/commons/thumb/e/ef/2023_Turkey_Earthquake_Damage.jpg/1280px-2023_Turkey_Earthquake_Damage.jpg
earthquake/earthquake_turkey_2023_04.jpg,Turkey Earthquake,2023,earthquake,"Kahramanmaras, Turkey",https://upload.wikimedia.org/wikipedia/commons/thumb/9/96/2023_Turkey_Earthquake_Damage_2.jpg/1280px-2023_Turkey_Earthquake_Damage_2.jpg
earthquake/earthquake_turkey_2023_05.jpg,Turkey Earthquake,2023,earthquake,"Kahramanmaras, Turkey",https://upload.wikimedia.org/wikipedia/commons/thumb/0/0e/2023_Turkey_Earthquake_Damage_3.jpg/1280px-2023_Turkey_Earthquake_Damage_3.jpg
earthquake/earthquake_turkey_2023_06.jpg,Turkey Earthquake,2023,earthquake,"Kahramanmaras, Turkey",https://upload.wikimedia.org/wikipedia/commons/thumb/5/5c/2023_Turkey_Earthquake_Damage_4.jpg/1280px-2023_Turkey_Earthquake_Damage_4.jpg
earthquake/earthquake_turkey_2023_07.jpg,Turkey Earthquake,2023,earthquake,"Kahramanmaras, Turkey",https://upload.wikimedia.org/wikipedia/commons/thumb/4/41/2023_Turkey_Earthquake_Damage_5.jpg/1280px-2023_Turkey_Earthquake_Damage_5.jpg
earthquake/earthquake_turkey_2023_08.jpg,Turkey Earthquake,2023,earthquake,"Kahramanmaras, Turkey",https://upload.wikimedia.org/wikipedia/commons/thumb/a/a5/2023_Turkey_Earthquake_Damage_Diyarbakir.jpg/1280px-2023_Turkey_Earthquake_Damage_Diyarbakir.jpg
earthquake/earthquake_turkey_2023_09.jpg,Turkey Earthquake,2023,earthquake,"Kahramanmaras, Turkey",https://upload.wikimedia.org/wikipedia/commons/3/3f/2023_Turkey_earthquake_Philippine_contingent.jpg
earthquake/earthquake_turkey_2023_10.jpg,Turkey Earthquake,2023,earthquake,"Kahramanmaras, Turkey",https://upload.wikimedia.org/wikipedia/commons/thumb/f/fa/7.8_earthquake_in_Gaziantep%2C_Turkey.7FE.jpg/1280px-7.8_earthquake_in_Gaziantep%2C_Turkey.7FE.jpg
earthquake/earthquake_kashmir_2005_01.png,Kashmir Earthquake,2005,earthquake,"Azad Kashmir, Pakistan",
earthquake/earthquake_kashmir_2005_02.jpg,Kashmir Earthquake,2005,earthquake,"Azad Kashmir, Pakistan",https://upload.wikimedia.org/wikipedia/commons/thumb/d/d1/2005_Earthquake_damage%2C_Rawalakot.jpg/1280px-2005_Earthquake_damage%2C_Rawalakot.jpg
earthquake/earthquake_kashmir_2005_03.jpg,Kashmir Earthquake,2005,earthquake,"Azad Kashmir, Pakistan",https://upload.wikimedia.org/wikipedia/commons/thumb/6/6d/2005_Events_montage_16-grid_version.jpg/1280px-2005_Events_montage_16-grid_version.jpg
earthquake/earthquake_kashmir_2005_04.jpg,Kashmir Earthquake,2005,earthquake,"Azad Kashmir, Pakistan",https://upload.wikimedia.org/wikipedia/commons/thumb/d/d2/Destroyed_building_in_Muzaffarabad_after_the_earthquake_%282005%29.jpg/1280px-Destroyed_building_in_Muzaffarabad_after_the_earthquake_%282005%29.jpg
earthquake/earthquake_kashmir_2005_05.jpg,Kashmir Earthquake,2005,earthquake,"Azad Kashmir, Pakistan",https://upload.wikimedia.org/wikipedia/commons/thumb/6/69/Humanitarian_aid_OCPA-2005-10-28-090517a.jpg/1280px-Humanitarian_aid_OCPA-2005-10-28-090517a.jpg
earthquake/earthquake_kashmir_2005_06.jpg,Kashmir Earthquake,2005,earthquake,"Azad Kashmir, Pakistan",https://upload.wikimedia.org/wikipedia/commons/thumb/9/93/Manoor_valley_pakistan.jpg/1280px-Manoor_valley_pakistan.jpg
earthquake/earthquake_kashmir_2005_07.jpg,Kashmir Earthquake,2005,earthquake,"Azad Kashmir, Pakistan",https://upload.wikimedia.org/wikipedia/commons/thumb/d/d6/Muzaffarabad_-_2005_Kashmir_earthquake.jpg/1280px-Muzaffarabad_-_2005_Kashmir_earthquake.jpg
earthquake/earthquake_kashmir_2005_08.jpg,Kashmir Earthquake,2005,earthquake,"Azad Kashmir, Pakistan",https://upload.wikimedia.org/wikipedia/commons/thumb/7/79/Pakistan_earthquake_relief_DVIDS1729604.jpg/1280px-Pakistan_earthquake_relief_DVIDS1729604.jpg
earthquake/earthquake_kashmir_2005_09.jpg,Kashmir Earthquake,2005,earthquake,"Azad Kashmir, Pakistan",https://upload.wikimedia.org/wikipedia/commons/thumb/4/47/Pakistan_earthquake_relief_DVIDS1729613.jpg/1280px-Pakistan_earthquake_relief_DVIDS1729613.jpg
earthquake/earthquake_kashmir_2005_10.jpg,Kashmir Earthquake,2005,earthquake,"Azad Kashmir, Pakistan",https://upload.wikimedia.org/wikipedia/commons/thumb/1/17/Pakistan_earthquake_relief_DVIDS1729625.jpg/1280px-Pakistan_earthquake_relief_DVIDS1729625.jpg
earthquake/earthquake_sikkim_2011_01.jpg,Sikkim Earthquake,2011,earthquake,"Sikkim, India",https://upload.wikimedia.org/wikipedia/commons/thumb/f/f1/An_injured_man_being_treated_in_a_Hospital%2C_after_an_earthquake%2C_in_Gangtok_on_September_19%2C_2011.jpg/1280px-An_injured_man_being_treated_in_a_Hospital%2C_after_an_earthquake%2C_in_Gangtok_on_September_19%2C_2011.jpg
earthquake/earthquake_sikkim_2011_02.jpg,Sikkim Earthquake,2011,earthquake,"Sikkim, India",https://upload.wikimedia.org/wikipedia/commons/1/1a/Casualties_including_lying_patients_being_evacuated_from_different_places_of_North_Sikkim.jpg
earthquake/earthquake_sikkim_2011_03.jpg,Sikkim Earthquake,2011,earthquake,"Sikkim, India",https://upload.wikimedia.org/wikipedia/commons/thumb/6/6d/Demolished_Building_in_Gangtok_After_Earthquake_in_2011.jpg/1280px-Demolished_Building_in_Gangtok_After_Earthquake_in_2011.jpg
earthquake/earthquake_sikkim_2011_04.jpg,Sikkim Earthquake,2011,earthquake,"Sikkim, India",https://upload.wikimedia.org/wikipedia/commons/thumb/5/5e/Interiors_of_Namok_Monastery_at_Namok_Village_in_North_Sikkim%2C_India._25.jpg/1280px-Interiors_of_Namok_Monastery_at_Namok_Village_in_North_Sikkim%2C_India._25.jpg
earthquake/earthquake_sikkim_2011_05.jpg,Sikkim Earthquake,2011,earthquake,"Sikkim, India",https://upload.wikimedia.org/wikipedia/commons/thumb/0/0e/Locals_and_Tourists_in_front_of_the_Tourism_Department_office_at_M.G._Marg%2C_Gangtok_on_September_18%2C_2011_night_after_earthquake.jpg/1280px-Locals_and_Tourists_in_front_of_the_Tourism_Department_office_at_M.G._Marg%2C_Gangtok_on_September_18%2C_2011_night_after_earthquake.jpg
earthquake/earthquake_sikkim_2011_06.jpg,Sikkim Earthquake,2011,earthquake,"Sikkim, India",https://upload.wikimedia.org/wikipedia/commons/thumb/4/4b/Locals_and_Tourists_in_front_of_the_Tourism_Department_office_at_M.G._Marg%2C_Gangtok_on_September_18%2C_2011_night_after_earthquake_%281%29.jpg/1280px-Locals_and_Tourists_in_front_of_the_Tourism_Department_office_at_M.G._Marg%2C_Gangtok_on_September_18%2C_2011_night_after_earthquake_%281%29.jpg
earthquake/earthquake_sikkim_2011_07.jpg,Sikkim Earthquake,2011,earthquake,"Sikkim, India",https://upload.wikimedia.org/wikipedia/commons/thumb/9/9f/Mangbrue_Monastery%2C_Kewzing_Bazaar%2C_South_Sikkim_08.jpg/1280px-Mangbrue_Monastery%2C_Kewzing_Bazaar%2C_South_Sikkim_08.jpg
earthquake/earthquake_sikkim_2011_08.jpg,Sikkim Earthquake,2011,earthquake,"Sikkim, India",https://upload.wikimedia.org/wikipedia/commons/thumb/f/f3/Mangbrue_Monastery%2C_Kewzing_Bazaar%2C_South_Sikkim_09.jpg/1280px-Mangbrue_Monastery%2C_Kewzing_Bazaar%2C_South_Sikkim_09.jpg
earthquake/earthquake_sikkim_2011_09.jpg,Sikkim Earthquake,2011,earthquake,"Sikkim, India",https://upload.wikimedia.org/wikipedia/commons/thumb/7/77/Medical_assistance_work_carried_out_by_SSB_in_the_earthquake_affected_villages_in_the_East_District_of_Sikkim.jpg/1280px-Medical_assistance_work_carried_out_by_SSB_in_the_earthquake_affected_villages_in_the_East_District_of_Sikkim.jpg
earthquake/earthquake_sikkim_2011_10.jpg,Sikkim Earthquake,2011,earthquake,"Sikkim, India",https://upload.wikimedia.org/wikipedia/commons/thumb/e/e8/Pawan_Kumar_Chamling_giving_details_of_destruction_caused_by_massive_earthquake_which_hit_Sikkim_on_18th_September_2011%2C_at_a_press_conference%2C_in_Gangtok._The_Rajya_Sabha_MP%2C_Shri_O.T._Lepcha_is_also_seen.jpg/1280px-thumbnail.jpg
earthquake/earthquake_japan_2011_01.png,Tohoku Earthquake,2011,earthquake,"Tohoku, Japan",
earthquake/earthquake_japan_2011_02.jpg,Tohoku Earthquake,2011,earthquake,"Tohoku, Japan",
earthquake/earthquake_japan_2011_03.png,Tohoku Earthquake,2011,earthquake,"Tohoku, Japan",https://upload.wikimedia.org/wikipedia/commons/0/0e/2011_Tohoku_earthquake_observed_tsunami_heights-2.png
earthquake/earthquake_japan_2011_04.png,Tohoku Earthquake,2011,earthquake,"Tohoku, Japan",https://upload.wikimedia.org/wikipedia/commons/c/c4/2011_Tohoku_earthquake_observed_tsunami_heights.png
earthquake/earthquake_japan_2011_05.png,Tohoku Earthquake,2011,earthquake,"Tohoku, Japan",https://upload.wikimedia.org/wikipedia/commons/8/8d/2011_Tohoku_earthquake_observed_tsunami_heights_en.png
earthquake/earthquake_japan_2011_06.jpg,Tohoku Earthquake,2011,earthquake,"Tohoku, Japan",https://upload.wikimedia.org/wikipedia/commons/thumb/7/77/2011_T%C5%8Dhoku_earthquake_and_tsunami_damage_Iwaki%2C_Fukushima_1.JPG/1280px-2011_T%C5%8Dhoku_earthquake_and_tsunami_damage_Iwaki%2C_Fukushima_1.JPG
earthquake/earthquake_japan_2011_07.jpg,Tohoku Earthquake,2011,earthquake,"Tohoku, Japan",https://upload.wikimedia.org/wikipedia/commons/thumb/b/bf/2011_T%C5%8Dhoku_earthquake_and_tsunami_damage_Iwaki%2C_Fukushima_2.JPG/1280px-2011_T%C5%8Dhoku_earthquake_and_tsunami_damage_Iwaki%2C_Fukushima_2.JPG
earthquake/earthquake_japan_2011_08.jpg,Tohoku Earthquake,2011,earthquake,"Tohoku, Japan",https://upload.wikimedia.org/wikipedia/commons/thumb/7/7d/2011_T%C5%8Dhoku_earthquake_and_tsunami_damage_Matsushima%2C_Miyagi.JPG/1280px-2011_T%C5%8Dhoku_earthquake_and_tsunami_damage_Matsushima%2C_Miyagi.JPG
earthquake/earthquake_japan_2011_09.jpg,Tohoku Earthquake,2011,earthquake,"Tohoku, Japan",https://upload.wikimedia.org/wikipedia/commons/thumb/0/08/A_seismogram_of_2011_T%C5%8Dhoku_earthquake_and_tsunami.jpg/1280px-A_seismogram_of_2011_T%C5%8Dhoku_earthquake_and_tsunami.jpg
earthquake/earthquake_japan_2011_10.jpg,Tohoku Earthquake,2011,earthquake,"Tohoku, Japan",https://upload.wikimedia.org/wikipedia/commons/thumb/b/bf/Column_broken_by_2011_Tohoku_earthquake.jpeg/1280px-Column_broken_by_2011_Tohoku_earthquake.jpeg
earthquake/earthquake_haiti_2010_01.jpg,Haiti Earthquake,2010,earthquake,"Port-au-Prince, Haiti",
earthquake/earthquake_haiti_2010_02.jpg,Haiti Earthquake,2010,earthquake,"Port-au-Prince, Haiti",
earthquake/earthquake_haiti_2010_03.jpg,Haiti Earthquake,2010,earthquake,"Port-au-Prince, Haiti",https://upload.wikimedia.org/wikipedia/commons/thumb/5/52/2010_Haiti_Earthquake_%28After%29.jpg/1280px-2010_Haiti_Earthquake_%28After%29.jpg
earthquake/earthquake_haiti_2010_04.jpg,Haiti Earthquake,2010,earthquake,"Port-au-Prince, Haiti",https://upload.wikimedia.org/wikipedia/commons/thumb/4/46/2010_Haiti_Earthquake_%28Before%29.jpg/1280px-2010_Haiti_Earthquake_%28Before%29.jpg
earthquake/earthquake_haiti_2010_05.jpg,Haiti Earthquake,2010,earthquake,"Port-au-Prince, Haiti",https://upload.wikimedia.org/wikipedia/commons/thumb/a/a1/2010_Haiti_earthquake_damage2.jpg/1280px-2010_Haiti_earthquake_damage2.jpg
earthquake/earthquake_haiti_2010_06.jpg,Haiti Earthquake,2010,earthquake,"Port-au-Prince, Haiti",https://upload.wikimedia.org/wikipedia/commons/thumb/7/7e/2010_Haiti_earthquake_damage3.jpg/1280px-2010_Haiti_earthquake_damage3.jpg
earthquake/earthquake_haiti_2010_07.jpg,Haiti Earthquake,2010,earthquake,"Port-au-Prince, Haiti",https://upload.wikimedia.org/wikipedia/commons/thumb/a/a2/2010_Haiti_earthquake_damage4.jpg/1280px-2010_Haiti_earthquake_damage4.jpg
earthquake/earthquake_haiti_2010_08.jpg,Haiti Earthquake,2010,earthquake,"Port-au-Prince, Haiti",https://upload.wikimedia.org/wikipedia/commons/thumb/b/bc/Collapsed_%27Planet_Cafe%27_%28Haiti_Earthquake_-_2010%29_%284322472502%29.jpg/1280px-Collapsed_%27Planet_Cafe%27_%28Haiti_Earthquake_-_2010%29_%284322472502%29.jpg
earthquake/earthquake_haiti_2010_09.jpg,Haiti Earthquake,2010,earthquake,"Port-au-Prince, Haiti",https://upload.wikimedia.org/wikipedia/commons/thumb/4/41/Collapsed_Mountain_%28Haiti_Earthquake_-_2010%29_%284322472198%29.jpg/1280px-Collapsed_Mountain_%28Haiti_Earthquake_-_2010%29_%284322472198%29.jpg
earthquake/earthquake_haiti_2010_10.jpg,Haiti Earthquake,2010,earthquake,"Port-au-Prince, Haiti",https://upload.wikimedia.org/wikipedia/commons/c/c3/Haiti_Post_Earthquake_January_2010.jpg
earthquake/earthquake_morocco_2023_01.jpg,Morocco Earthquake,2023,earthquake,"Al Haouz, Marrakesh, Morocco",https://upload.wikimedia.org/wikipedia/commons/thumb/7/77/Camionete_tcheriaedje_aida_htH.jpg/1280px-Camionete_tcheriaedje_aida_htH.jpg
earthquake/earthquake_morocco_2023_02.png,Morocco Earthquake,2023,earthquake,"Al Haouz, Marrakesh, Morocco",https://upload.wikimedia.org/wikipedia/commons/8/81/Collage_of_2023_Marrakesh-Safi_earthquake.png
earthquake/earthquake_morocco_2023_03.jpg,Morocco Earthquake,2023,earthquake,"Al Haouz, Marrakesh, Morocco",https://upload.wikimedia.org/wikipedia/commons/thumb/1/1e/Foreign_aid_during_2023_Al_Haouz_earthquake_01.jpg/1280px-Foreign_aid_during_2023_Al_Haouz_earthquake_01.jpg
earthquake/earthquake_morocco_2023_04.jpg,Morocco Earthquake,2023,earthquake,"Al Haouz, Marrakesh, Morocco",https://upload.wikimedia.org/wikipedia/commons/thumb/9/9c/Foreign_aid_during_2023_Al_Haouz_earthquake_02.jpg/1280px-Foreign_aid_during_2023_Al_Haouz_earthquake_02.jpg
earthquake/earthquake_morocco_2023_05.jpg,Morocco Earthquake,2023,earthquake,"Al Haouz, Marrakesh, Morocco",https://upload.wikimedia.org/wikipedia/commons/thumb/f/fa/Foreign_aid_during_2023_Al_Haouz_earthquake_03.jpg/1280px-Foreign_aid_during_2023_Al_Haouz_earthquake_03.jpg
earthquake/earthquake_morocco_2023_06.jpg,Morocco Earthquake,2023,earthquake,"Al Haouz, Marrakesh, Morocco",https://upload.wikimedia.org/wikipedia/commons/thumb/8/87/Foreign_aid_during_2023_Al_Haouz_earthquake_06.jpg/1280px-Foreign_aid_during_2023_Al_Haouz_earthquake_06.jpg
earthquake/earthquake_morocco_2023_07.jpg,Morocco Earthquake,2023,earthquake,"Al Haouz, Marrakesh, Morocco",https://upload.wikimedia.org/wikipedia/commons/thumb/8/83/Foreign_aid_during_2023_Al_Haouz_earthquake_09.jpg/1280px-Foreign_aid_during_2023_Al_Haouz_earthquake_09.jpg
earthquake/earthquake_morocco_2023_08.jpg,Morocco Earthquake,2023,earthquake,"Al Haouz, Marrakesh, Morocco",https://upload.wikimedia.org/wikipedia/commons/thumb/3/3d/Foreign_aid_during_2023_Al_Haouz_earthquake_10.jpg/1280px-Foreign_aid_during_2023_Al_Haouz_earthquake_10.jpg
earthquake/earthquake_morocco_2023_09.jpg,Morocco Earthquake,2023,earthquake,"Al Haouz, Marrakesh, Morocco",https://upload.wikimedia.org/wikipedia/commons/thumb/a/ad/Hosmint_tere_Hawse_Irhil_mwaisse_voye_efants.jpg/1280px-Hosmint_tere_Hawse_Irhil_mwaisse_voye_efants.jpg
earthquake/earthquake_morocco_2023_10.jpg,Morocco Earthquake,2023,earthquake,"Al Haouz, Marrakesh, Morocco",https://upload.wikimedia.org/wikipedia/commons/thumb/c/cf/Hosmint_tere_Hawse_m%C3%A5jhon_distr%C3%BBte_Irhil_ouxh_eclitcht%C3%A9.jpg/1280px-Hosmint_tere_Hawse_m%C3%A5jhon_distr%C3%BBte_Irhil_ouxh_eclitcht%C3%A9.jpg
earthquake/earthquake_indonesia_2018_01.jpg,Sulawesi Earthquake,2018,earthquake,"Central Sulawesi, Indonesia",
earthquake/earthquake_indonesia_2018_02.jpg,Sulawesi Earthquake,2018,earthquake,"Central Sulawesi, Indonesia",
earthquake/earthquake_indonesia_2018_03.jpg,Sulawesi Earthquake,2018,earthquake,"Central Sulawesi, Indonesia",
earthquake/earthquake_indonesia_2018_04.jpg,Sulawesi Earthquake,2018,earthquake,"Central Sulawesi, Indonesia",
earthquake/earthquake_indonesia_2018_05.jpg,Sulawesi Earthquake,2018,earthquake,"Central Sulawesi, Indonesia",
earthquake/earthquake_indonesia_2018_06.jpg,Sulawesi Earthquake,2018,earthquake,"Central Sulawesi, Indonesia",https://upload.wikimedia.org/wikipedia/commons/7/73/2018-09-28_Palu_Indonesia_M7.5_Regional.jpg
earthquake/earthquake_indonesia_2018_07.jpg,Sulawesi Earthquake,2018,earthquake,"Central Sulawesi, Indonesia",https://upload.wikimedia.org/wikipedia/commons/thumb/1/1b/2018_Events_montage_16-grid_version.jpg/1280px-2018_Events_montage_16-grid_version.jpg
earthquake/earthquake_indonesia_2018_08.jpg,Sulawesi Earthquake,2018,earthquake,"Central Sulawesi, Indonesia",https://upload.wikimedia.org/wikipedia/commons/8/87/2018seismeIndonesie.pnj.jpg
earthquake/earthquake_indonesia_2018_09.jpg,Sulawesi Earthquake,2018,earthquake,"Central Sulawesi, Indonesia",https://upload.wikimedia.org/wikipedia/commons/thumb/1/1d/Dukungan_Lebih_Lanjut_Angkatan_Pertahanan_Australia_Menyusul_Gempa_Bumi_dan_Tsunami_Sulawesi.jpg/1280px-Dukungan_Lebih_Lanjut_Angkatan_Pertahanan_Australia_Menyusul_Gempa_Bumi_dan_Tsunami_Sulawesi.jpg
earthquake/earthquake_indonesia_2018_10.jpg,Sulawesi Earthquake,2018,earthquake,"Central Sulawesi, Indonesia",https://upload.wikimedia.org/wikipedia/commons/thumb/3/3f/Dukungan_Lebih_Lanjut_Australia_Menyusul_Gempa_Bumi_dan_Tsunami_Sulawesi.jpg/1280px-Dukungan_Lebih_Lanjut_Australia_Menyusul_Gempa_Bumi_dan_Tsunami_Sulawesi.jpg
earthquake/earthquake_afghanistan_2022_01.png,Afghanistan Earthquake,2022,earthquake,"Khost, Paktika, Afghanistan",https://upload.wikimedia.org/wikipedia/commons/thumb/9/9a/2022-1220_Ferndale_Earthquake_Fernbridge_Damage4.png/1280px-2022-1220_Ferndale_Earthquake_Fernbridge_Damage4.png
earthquake/earthquake_afghanistan_2022_02.png,Afghanistan Earthquake,2022,earthquake,"Khost, Paktika, Afghanistan",https://upload.wikimedia.org/wikipedia/commons/thumb/7/75/2022-1220_Ferndale_Earthquake_Fernbridge_Damage5.png/1280px-2022-1220_Ferndale_Earthquake_Fernbridge_Damage5.png
earthquake/earthquake_afghanistan_2022_03.png,Afghanistan Earthquake,2022,earthquake,"Khost, Paktika, Afghanistan",https://upload.wikimedia.org/wikipedia/commons/thumb/6/6e/2022-1220_Ferndale_Earthquake_Fernbridge_Damage6.png/1280px-2022-1220_Ferndale_Earthquake_Fernbridge_Damage6.png
earthquake/earthquake_afghanistan_2022_04.png,Afghanistan Earthquake,2022,earthquake,"Khost, Paktika, Afghanistan",https://upload.wikimedia.org/wikipedia/commons/thumb/b/bf/2022-1220_Ferndale_Earthquake_Fernbridge_Damage7.png/1280px-2022-1220_Ferndale_Earthquake_Fernbridge_Damage7.png
earthquake/earthquake_afghanistan_2022_05.png,Afghanistan Earthquake,2022,earthquake,"Khost, Paktika, Afghanistan",https://upload.wikimedia.org/wikipedia/commons/thumb/2/29/2022-1220_Ferndale_Earthquake_Fernbridge_Damage8.png/1280px-2022-1220_Ferndale_Earthquake_Fernbridge_Damage8.png
earthquake/earthquake_afghanistan_2022_06.png,Afghanistan Earthquake,2022,earthquake,"Khost, Paktika, Afghanistan",https://upload.wikimedia.org/wikipedia/commons/thumb/a/a8/2022-1220_Ferndale_Earthquake_Fernbridge_Damage9.png/1280px-2022-1220_Ferndale_Earthquake_Fernbridge_Damage9.png
earthquake/earthquake_afghanistan_2022_07.png,Afghanistan Earthquake,2022,earthquake,"Khost, Paktika, Afghanistan",https://upload.wikimedia.org/wikipedia/commons/6/69/2022_Luding_Earthquake_-_Bridge_of_Life.png
earthquake/earthquake_afghanistan_2022_08.jpg,Afghanistan Earthquake,2022,earthquake,"Khost, Paktika, Afghanistan",https://upload.wikimedia.org/wikipedia/commons/thumb/c/c9/2022_Menyuan_earthquake_field_photos.jpg/1280px-2022_Menyuan_earthquake_field_photos.jpg
earthquake/earthquake_afghanistan_2022_09.jpg,Afghanistan Earthquake,2022,earthquake,"Khost, Paktika, Afghanistan",https://upload.wikimedia.org/wikipedia/commons/0/04/2022_Taitung_Earthquake_%28Mainshock%29.jpg
earthquake/earthquake_afghanistan_2022_10.jpg,Afghanistan Earthquake,2022,earthquake,"Khost, Paktika, Afghanistan",https://upload.wikimedia.org/wikipedia/commons/thumb/0/0b/2022%E5%B9%B4%E6%B3%B8%E5%AE%9A%E5%9C%B0%E9%9C%87_Luding_earthquake_%E6%95%91%E6%8F%B4%E4%BA%BA%E5%91%98%E8%BD%AC%E7%A7%BB%E6%9D%91%E6%B0%91.jpg/1280px-2022%E5%B9%B4%E6%B3%B8%E5%AE%9A%E5%9C%B0%E9%9C%87_Luding_earthquake_%E6%95%91%E6%8F%B4%E4%BA%BA%E5%91%98%E8%BD%AC%E7%A7%BB%E6%9D%91%E6%B0%91.jpg
