video_stem,category,frame_path,frame_filename,frame_number
0on6Os_A9Oo_284_290,cyclone,C:\Users\ujjes\OneDrive\Desktop\vlm-disaster-analyzer\datasets\video_dataset\extracted_frames\cyclone\0on6Os_A9Oo_284_290\frame_001.jpg,frame_001.jpg,1
0on6Os_A9Oo_284_290,cyclone,C:\Users\ujjes\OneDrive\Desktop\vlm-disaster-analyzer\datasets\video_dataset\extracted_frames\cyclone\0on6Os_A9Oo_284_290\frame_002.jpg,frame_002.jpg,2
0on6Os_A9Oo_284_290,cyclone,C:\Users\ujjes\OneDrive\Desktop\vlm-disaster-analyzer\datasets\video_dataset\extracted_frames\cyclone\0on6Os_A9Oo_284_290\frame_003.jpg,frame_003.jpg,3
0on6Os_A9Oo_284_290,cyclone,C:\Users\ujjes\OneDrive\Desktop\vlm-disaster-analyzer\datasets\video_dataset\extracted_frames\cyclone\0on6Os_A9Oo_284_290\frame_004.jpg,frame_004.jpg,4
0PBhsPZtEnE_68_70,cyclone,C:\Users\ujjes\OneDrive\Desktop\vlm-disaster-analyzer\datasets\video_dataset\extracted_frames\cyclone\0PBhsPZtEnE_68_70\frame_001.jpg,frame_001.jpg,1
0PBhsPZtEnE_68_70,cyclone,C:\Users\ujjes\OneDrive\Desktop\vlm-disaster-analyzer\datasets\video_dataset\extracted_frames\cyclone\0PBhsPZtEnE_68_70\frame_002.jpg,frame_002.jpg,2
0PBhsPZtEnE_68_70,cyclone,C:\Users\ujjes\OneDrive\Desktop\vlm-disaster-analyzer\datasets\video_dataset\extracted_frames\cyclone\0PBhsPZtEnE_68_70\frame_003.jpg,frame_003.jpg,3
0PBhsPZtEnE_68_70,cyclone,C:\Users\ujjes\OneDrive\Desktop\vlm-disaster-analyzer\datasets\video_dataset\extracted_frames\cyclone\0PBhsPZtEnE_68_70\frame_004.jpg,frame_004.jpg,4
2MfGvnN4zgo_83_85,cyclone,C:\Users\ujjes\OneDrive\Desktop\vlm-disaster-analyzer\datasets\video_dataset\extracted_frames\cyclone\2MfGvnN4zgo_83_85\frame_001.jpg,frame_001.jpg,1
2MfGvnN4zgo_83_85,cyclone,C:\Users\ujjes\OneDrive\Desktop\vlm-disaster-analyzer\datasets\video_dataset\extracted_frames\cyclone\2MfGvnN4zgo_83_85\frame_002.jpg,frame_002.jpg,2
2MfGvnN4zgo_83_85,cyclone,C:\Users\ujjes\OneDrive\Desktop\vlm-disaster-analyzer\datasets\video_dataset\extracted_frames\cyclone\2MfGvnN4zgo_83_85\frame_003.jpg,frame_003.jpg,3
2MfGvnN4zgo_83_85,cyclone,C:\Users\ujjes\OneDrive\Desktop\vlm-disaster-analyzer\datasets\video_dataset\extracted_frames\cyclone\2MfGvnN4zgo_83_85\frame_004.jpg,frame_004.jpg,4
BQW07xCjz0E_142_146,cyclone,C:\Users\ujjes\OneDrive\Desktop\vlm-disaster-analyzer\datasets\video_dataset\extracted_frames\cyclone\BQW07xCjz0E_142_146\frame_001.jpg,frame_001.jpg,1
BQW07xCjz0E_142_146,cyclone,C:\Users\ujjes\OneDrive\Desktop\vlm-disaster-analyzer\datasets\video_dataset\extracted_frames\cyclone\BQW07xCjz0E_142_146\frame_002.jpg,frame_002.jpg,2
BQW07xCjz0E_142_146,cyclone,C:\Users\ujjes\OneDrive\Desktop\vlm-disaster-analyzer\datasets\video_dataset\extracted_frames\cyclone\BQW07xCjz0E_142_146\frame_003.jpg,frame_003.jpg,3
BQW07xCjz0E_142_146,cyclone,C:\Users\ujjes\OneDrive\Desktop\vlm-disaster-analyzer\datasets\video_dataset\extracted_frames\cyclone\BQW07xCjz0E_142_146\frame_004.jpg,frame_004.jpg,4
BQW07xCjz0E_225_228,cyclone,C:\Users\ujjes\OneDrive\Desktop\vlm-disaster-analyzer\datasets\video_dataset\extracted_frames\cyclone\BQW07xCjz0E_225_228\frame_001.jpg,frame_001.jpg,1
BQW07xCjz0E_225_228,cyclone,C:\Users\ujjes\OneDrive\Desktop\vlm-disaster-analyzer\datasets\video_dataset\extracted_frames\cyclone\BQW07xCjz0E_225_228\frame_002.jpg,frame_002.jpg,2
BQW07xCjz0E_225_228,cyclone,C:\Users\ujjes\OneDrive\Desktop\vlm-disaster-analyzer\datasets\video_dataset\extracted_frames\cyclone\BQW07xCjz0E_225_228\frame_003.jpg,frame_003.jpg,3
BQW07xCjz0E_225_228,cyclone,C:\Users\ujjes\OneDrive\Desktop\vlm-disaster-analyzer\datasets\video_dataset\extracted_frames\cyclone\BQW07xCjz0E_225_228\frame_004.jpg,frame_004.jpg,4
cYxN1yfg_AE_41_44,cyclone,C:\Users\ujjes\OneDrive\Desktop\vlm-disaster-analyzer\datasets\video_dataset\extracted_frames\cyclone\cYxN1yfg_AE_41_44\frame_001.jpg,frame_001.jpg,1
cYxN1yfg_AE_41_44,cyclone,C:\Users\ujjes\OneDrive\Desktop\vlm-disaster-analyzer\datasets\video_dataset\extracted_frames\cyclone\cYxN1yfg_AE_41_44\frame_002.jpg,frame_002.jpg,2
cYxN1yfg_AE_41_44,cyclone,C:\Users\ujjes\OneDrive\Desktop\vlm-disaster-analyzer\datasets\video_dataset\extracted_frames\cyclone\cYxN1yfg_AE_41_44\frame_003.jpg,frame_003.jpg,3
cYxN1yfg_AE_41_44,cyclone,C:\Users\ujjes\OneDrive\Desktop\vlm-disaster-analyzer\datasets\video_dataset\extracted_frames\cyclone\cYxN1yfg_AE_41_44\frame_004.jpg,frame_004.jpg,4
fj5kH_OZLDc_15_20,cyclone,C:\Users\ujjes\OneDrive\Desktop\vlm-disaster-analyzer\datasets\video_dataset\extracted_frames\cyclone\fj5kH_OZLDc_15_20\frame_001.jpg,frame_001.jpg,1
fj5kH_OZLDc_15_20,cyclone,C:\Users\ujjes\OneDrive\Desktop\vlm-disaster-analyzer\datasets\video_dataset\extracted_frames\cyclone\fj5kH_OZLDc_15_20\frame_002.jpg,frame_002.jpg,2
fj5kH_OZLDc_15_20,cyclone,C:\Users\ujjes\OneDrive\Desktop\vlm-disaster-analyzer\datasets\video_dataset\extracted_frames\cyclone\fj5kH_OZLDc_15_20\frame_003.jpg,frame_003.jpg,3
fj5kH_OZLDc_15_20,cyclone,C:\Users\ujjes\OneDrive\Desktop\vlm-disaster-analyzer\datasets\video_dataset\extracted_frames\cyclone\fj5kH_OZLDc_15_20\frame_004.jpg,frame_004.jpg,4
IwRDlZsq-7E_162_166,cyclone,C:\Users\ujjes\OneDrive\Desktop\vlm-disaster-analyzer\datasets\video_dataset\extracted_frames\cyclone\IwRDlZsq-7E_162_166\frame_001.jpg,frame_001.jpg,1
IwRDlZsq-7E_162_166,cyclone,C:\Users\ujjes\OneDrive\Desktop\vlm-disaster-analyzer\datasets\video_dataset\extracted_frames\cyclone\IwRDlZsq-7E_162_166\frame_002.jpg,frame_002.jpg,2
IwRDlZsq-7E_162_166,cyclone,C:\Users\ujjes\OneDrive\Desktop\vlm-disaster-analyzer\datasets\video_dataset\extracted_frames\cyclone\IwRDlZsq-7E_162_166\frame_003.jpg,frame_003.jpg,3
IwRDlZsq-7E_162_166,cyclone,C:\Users\ujjes\OneDrive\Desktop\vlm-disaster-analyzer\datasets\video_dataset\extracted_frames\cyclone\IwRDlZsq-7E_162_166\frame_004.jpg,frame_004.jpg,4
IwRDlZsq-7E_382_385,cyclone,C:\Users\ujjes\OneDrive\Desktop\vlm-disaster-analyzer\datasets\video_dataset\extracted_frames\cyclone\IwRDlZsq-7E_382_385\frame_001.jpg,frame_001.jpg,1
IwRDlZsq-7E_382_385,cyclone,C:\Users\ujjes\OneDrive\Desktop\vlm-disaster-analyzer\datasets\video_dataset\extracted_frames\cyclone\IwRDlZsq-7E_382_385\frame_002.jpg,frame_002.jpg,2
IwRDlZsq-7E_382_385,cyclone,C:\Users\ujjes\OneDrive\Desktop\vlm-disaster-analyzer\datasets\video_dataset\extracted_frames\cyclone\IwRDlZsq-7E_382_385\frame_003.jpg,frame_003.jpg,3
IwRDlZsq-7E_382_385,cyclone,C:\Users\ujjes\OneDrive\Desktop\vlm-disaster-analyzer\datasets\video_dataset\extracted_frames\cyclone\IwRDlZsq-7E_382_385\frame_004.jpg,frame_004.jpg,4
rbcDQuc9mao_14_21,cyclone,C:\Users\ujjes\OneDrive\Desktop\vlm-disaster-analyzer\datasets\video_dataset\extracted_frames\cyclone\rbcDQuc9mao_14_21\frame_001.jpg,frame_001.jpg,1
rbcDQuc9mao_14_21,cyclone,C:\Users\ujjes\OneDrive\Desktop\vlm-disaster-analyzer\datasets\video_dataset\extracted_frames\cyclone\rbcDQuc9mao_14_21\frame_002.jpg,frame_002.jpg,2
rbcDQuc9mao_14_21,cyclone,C:\Users\ujjes\OneDrive\Desktop\vlm-disaster-analyzer\datasets\video_dataset\extracted_frames\cyclone\rbcDQuc9mao_14_21\frame_003.jpg,frame_003.jpg,3
rbcDQuc9mao_14_21,cyclone,C:\Users\ujjes\OneDrive\Desktop\vlm-disaster-analyzer\datasets\video_dataset\extracted_frames\cyclone\rbcDQuc9mao_14_21\frame_004.jpg,frame_004.jpg,4
wSXvcveNSTQ_118_123,cyclone,C:\Users\ujjes\OneDrive\Desktop\vlm-disaster-analyzer\datasets\video_dataset\extracted_frames\cyclone\wSXvcveNSTQ_118_123\frame_001.jpg,frame_001.jpg,1
wSXvcveNSTQ_118_123,cyclone,C:\Users\ujjes\OneDrive\Desktop\vlm-disaster-analyzer\datasets\video_dataset\extracted_frames\cyclone\wSXvcveNSTQ_118_123\frame_002.jpg,frame_002.jpg,2
wSXvcveNSTQ_118_123,cyclone,C:\Users\ujjes\OneDrive\Desktop\vlm-disaster-analyzer\datasets\video_dataset\extracted_frames\cyclone\wSXvcveNSTQ_118_123\frame_003.jpg,frame_003.jpg,3
wSXvcveNSTQ_118_123,cyclone,C:\Users\ujjes\OneDrive\Desktop\vlm-disaster-analyzer\datasets\video_dataset\extracted_frames\cyclone\wSXvcveNSTQ_118_123\frame_004.jpg,frame_004.jpg,4
wSXvcveNSTQ_24_29,cyclone,C:\Users\ujjes\OneDrive\Desktop\vlm-disaster-analyzer\datasets\video_dataset\extracted_frames\cyclone\wSXvcveNSTQ_24_29\frame_001.jpg,frame_001.jpg,1
wSXvcveNSTQ_24_29,cyclone,C:\Users\ujjes\OneDrive\Desktop\vlm-disaster-analyzer\datasets\video_dataset\extracted_frames\cyclone\wSXvcveNSTQ_24_29\frame_002.jpg,frame_002.jpg,2
wSXvcveNSTQ_24_29,cyclone,C:\Users\ujjes\OneDrive\Desktop\vlm-disaster-analyzer\datasets\video_dataset\extracted_frames\cyclone\wSXvcveNSTQ_24_29\frame_003.jpg,frame_003.jpg,3
wSXvcveNSTQ_24_29,cyclone,C:\Users\ujjes\OneDrive\Desktop\vlm-disaster-analyzer\datasets\video_dataset\extracted_frames\cyclone\wSXvcveNSTQ_24_29\frame_004.jpg,frame_004.jpg,4
WXQYrsi_jns_0_5,cyclone,C:\Users\ujjes\OneDrive\Desktop\vlm-disaster-analyzer\datasets\video_dataset\extracted_frames\cyclone\WXQYrsi_jns_0_5\frame_001.jpg,frame_001.jpg,1
WXQYrsi_jns_0_5,cyclone,C:\Users\ujjes\OneDrive\Desktop\vlm-disaster-analyzer\datasets\video_dataset\extracted_frames\cyclone\WXQYrsi_jns_0_5\frame_002.jpg,frame_002.jpg,2
WXQYrsi_jns_0_5,cyclone,C:\Users\ujjes\OneDrive\Desktop\vlm-disaster-analyzer\datasets\video_dataset\extracted_frames\cyclone\WXQYrsi_jns_0_5\frame_003.jpg,frame_003.jpg,3
WXQYrsi_jns_0_5,cyclone,C:\Users\ujjes\OneDrive\Desktop\vlm-disaster-analyzer\datasets\video_dataset\extracted_frames\cyclone\WXQYrsi_jns_0_5\frame_004.jpg,frame_004.jpg,4
XlJBLG3STdg_27_34,cyclone,C:\Users\ujjes\OneDrive\Desktop\vlm-disaster-analyzer\datasets\video_dataset\extracted_frames\cyclone\XlJBLG3STdg_27_34\frame_001.jpg,frame_001.jpg,1
XlJBLG3STdg_27_34,cyclone,C:\Users\ujjes\OneDrive\Desktop\vlm-disaster-analyzer\datasets\video_dataset\extracted_frames\cyclone\XlJBLG3STdg_27_34\frame_002.jpg,frame_002.jpg,2
XlJBLG3STdg_27_34,cyclone,C:\Users\ujjes\OneDrive\Desktop\vlm-disaster-analyzer\datasets\video_dataset\extracted_frames\cyclone\XlJBLG3STdg_27_34\frame_003.jpg,frame_003.jpg,3
XlJBLG3STdg_27_34,cyclone,C:\Users\ujjes\OneDrive\Desktop\vlm-disaster-analyzer\datasets\video_dataset\extracted_frames\cyclone\XlJBLG3STdg_27_34\frame_004.jpg,frame_004.jpg,4
XlJBLG3STdg_39_45,cyclone,C:\Users\ujjes\OneDrive\Desktop\vlm-disaster-analyzer\datasets\video_dataset\extracted_frames\cyclone\XlJBLG3STdg_39_45\frame_001.jpg,frame_001.jpg,1
XlJBLG3STdg_39_45,cyclone,C:\Users\ujjes\OneDrive\Desktop\vlm-disaster-analyzer\datasets\video_dataset\extracted_frames\cyclone\XlJBLG3STdg_39_45\frame_002.jpg,frame_002.jpg,2
XlJBLG3STdg_39_45,cyclone,C:\Users\ujjes\OneDrive\Desktop\vlm-disaster-analyzer\datasets\video_dataset\extracted_frames\cyclone\XlJBLG3STdg_39_45\frame_003.jpg,frame_003.jpg,3
XlJBLG3STdg_39_45,cyclone,C:\Users\ujjes\OneDrive\Desktop\vlm-disaster-analyzer\datasets\video_dataset\extracted_frames\cyclone\XlJBLG3STdg_39_45\frame_004.jpg,frame_004.jpg,4
9HhA9IlQ3f0_2_6,earthquake,C:\Users\ujjes\OneDrive\Desktop\vlm-disaster-analyzer\datasets\video_dataset\extracted_frames\earthquake\9HhA9IlQ3f0_2_6\frame_001.jpg,frame_001.jpg,1
9HhA9IlQ3f0_2_6,earthquake,C:\Users\ujjes\OneDrive\Desktop\vlm-disaster-analyzer\datasets\video_dataset\extracted_frames\earthquake\9HhA9IlQ3f0_2_6\frame_002.jpg,frame_002.jpg,2
9HhA9IlQ3f0_2_6,earthquake,C:\Users\ujjes\OneDrive\Desktop\vlm-disaster-analyzer\datasets\video_dataset\extracted_frames\earthquake\9HhA9IlQ3f0_2_6\frame_003.jpg,frame_003.jpg,3
9HhA9IlQ3f0_2_6,earthquake,C:\Users\ujjes\OneDrive\Desktop\vlm-disaster-analyzer\datasets\video_dataset\extracted_frames\earthquake\9HhA9IlQ3f0_2_6\frame_004.jpg,frame_004.jpg,4
BH8FgujV3nA_17_20,earthquake,C:\Users\ujjes\OneDrive\Desktop\vlm-disaster-analyzer\datasets\video_dataset\extracted_frames\earthquake\BH8FgujV3nA_17_20\frame_001.jpg,frame_001.jpg,1
BH8FgujV3nA_17_20,earthquake,C:\Users\ujjes\OneDrive\Desktop\vlm-disaster-analyzer\datasets\video_dataset\extracted_frames\earthquake\BH8FgujV3nA_17_20\frame_002.jpg,frame_002.jpg,2
BH8FgujV3nA_17_20,earthquake,C:\Users\ujjes\OneDrive\Desktop\vlm-disaster-analyzer\datasets\video_dataset\extracted_frames\earthquake\BH8FgujV3nA_17_20\frame_003.jpg,frame_003.jpg,3
BH8FgujV3nA_17_20,earthquake,C:\Users\ujjes\OneDrive\Desktop\vlm-disaster-analyzer\datasets\video_dataset\extracted_frames\earthquake\BH8FgujV3nA_17_20\frame_004.jpg,frame_004.jpg,4
CSRWvYaZxhg_251_255,earthquake,C:\Users\ujjes\OneDrive\Desktop\vlm-disaster-analyzer\datasets\video_dataset\extracted_frames\earthquake\CSRWvYaZxhg_251_255\frame_001.jpg,frame_001.jpg,1
CSRWvYaZxhg_251_255,earthquake,C:\Users\ujjes\OneDrive\Desktop\vlm-disaster-analyzer\datasets\video_dataset\extracted_frames\earthquake\CSRWvYaZxhg_251_255\frame_002.jpg,frame_002.jpg,2
CSRWvYaZxhg_251_255,earthquake,C:\Users\ujjes\OneDrive\Desktop\vlm-disaster-analyzer\datasets\video_dataset\extracted_frames\earthquake\CSRWvYaZxhg_251_255\frame_003.jpg,frame_003.jpg,3
CSRWvYaZxhg_251_255,earthquake,C:\Users\ujjes\OneDrive\Desktop\vlm-disaster-analyzer\datasets\video_dataset\extracted_frames\earthquake\CSRWvYaZxhg_251_255\frame_004.jpg,frame_004.jpg,4
CTlQWTyje_w_128_131,earthquake,C:\Users\ujjes\OneDrive\Desktop\vlm-disaster-analyzer\datasets\video_dataset\extracted_frames\earthquake\CTlQWTyje_w_128_131\frame_001.jpg,frame_001.jpg,1
CTlQWTyje_w_128_131,earthquake,C:\Users\ujjes\OneDrive\Desktop\vlm-disaster-analyzer\datasets\video_dataset\extracted_frames\earthquake\CTlQWTyje_w_128_131\frame_002.jpg,frame_002.jpg,2
CTlQWTyje_w_128_131,earthquake,C:\Users\ujjes\OneDrive\Desktop\vlm-disaster-analyzer\datasets\video_dataset\extracted_frames\earthquake\CTlQWTyje_w_128_131\frame_003.jpg,frame_003.jpg,3
CTlQWTyje_w_128_131,earthquake,C:\Users\ujjes\OneDrive\Desktop\vlm-disaster-analyzer\datasets\video_dataset\extracted_frames\earthquake\CTlQWTyje_w_128_131\frame_004.jpg,frame_004.jpg,4
Hsszc0zeOCk_138_141,earthquake,C:\Users\ujjes\OneDrive\Desktop\vlm-disaster-analyzer\datasets\video_dataset\extracted_frames\earthquake\Hsszc0zeOCk_138_141\frame_001.jpg,frame_001.jpg,1
Hsszc0zeOCk_138_141,earthquake,C:\Users\ujjes\OneDrive\Desktop\vlm-disaster-analyzer\datasets\video_dataset\extracted_frames\earthquake\Hsszc0zeOCk_138_141\frame_002.jpg,frame_002.jpg,2
Hsszc0zeOCk_138_141,earthquake,C:\Users\ujjes\OneDrive\Desktop\vlm-disaster-analyzer\datasets\video_dataset\extracted_frames\earthquake\Hsszc0zeOCk_138_141\frame_003.jpg,frame_003.jpg,3
Hsszc0zeOCk_138_141,earthquake,C:\Users\ujjes\OneDrive\Desktop\vlm-disaster-analyzer\datasets\video_dataset\extracted_frames\earthquake\Hsszc0zeOCk_138_141\frame_004.jpg,frame_004.jpg,4
Hsszc0zeOCk_172_174,earthquake,C:\Users\ujjes\OneDrive\Desktop\vlm-disaster-analyzer\datasets\video_dataset\extracted_frames\earthquake\Hsszc0zeOCk_172_174\frame_001.jpg,frame_001.jpg,1
Hsszc0zeOCk_172_174,earthquake,C:\Users\ujjes\OneDrive\Desktop\vlm-disaster-analyzer\datasets\video_dataset\extracted_frames\earthquake\Hsszc0zeOCk_172_174\frame_002.jpg,frame_002.jpg,2
Hsszc0zeOCk_172_174,earthquake,C:\Users\ujjes\OneDrive\Desktop\vlm-disaster-analyzer\datasets\video_dataset\extracted_frames\earthquake\Hsszc0zeOCk_172_174\frame_003.jpg,frame_003.jpg,3
Hsszc0zeOCk_172_174,earthquake,C:\Users\ujjes\OneDrive\Desktop\vlm-disaster-analyzer\datasets\video_dataset\extracted_frames\earthquake\Hsszc0zeOCk_172_174\frame_004.jpg,frame_004.jpg,4
IgDd3SKZgxo_560_563,earthquake,C:\Users\ujjes\OneDrive\Desktop\vlm-disaster-analyzer\datasets\video_dataset\extracted_frames\earthquake\IgDd3SKZgxo_560_563\frame_001.jpg,frame_001.jpg,1
IgDd3SKZgxo_560_563,earthquake,C:\Users\ujjes\OneDrive\Desktop\vlm-disaster-analyzer\datasets\video_dataset\extracted_frames\earthquake\IgDd3SKZgxo_560_563\frame_002.jpg,frame_002.jpg,2
IgDd3SKZgxo_560_563,earthquake,C:\Users\ujjes\OneDrive\Desktop\vlm-disaster-analyzer\datasets\video_dataset\extracted_frames\earthquake\IgDd3SKZgxo_560_563\frame_003.jpg,frame_003.jpg,3
IgDd3SKZgxo_560_563,earthquake,C:\Users\ujjes\OneDrive\Desktop\vlm-disaster-analyzer\datasets\video_dataset\extracted_frames\earthquake\IgDd3SKZgxo_560_563\frame_004.jpg,frame_004.jpg,4
McjIOGWmTTk_132_134,earthquake,C:\Users\ujjes\OneDrive\Desktop\vlm-disaster-analyzer\datasets\video_dataset\extracted_frames\earthquake\McjIOGWmTTk_132_134\frame_001.jpg,frame_001.jpg,1
McjIOGWmTTk_132_134,earthquake,C:\Users\ujjes\OneDrive\Desktop\vlm-disaster-analyzer\datasets\video_dataset\extracted_frames\earthquake\McjIOGWmTTk_132_134\frame_002.jpg,frame_002.jpg,2
McjIOGWmTTk_132_134,earthquake,C:\Users\ujjes\OneDrive\Desktop\vlm-disaster-analyzer\datasets\video_dataset\extracted_frames\earthquake\McjIOGWmTTk_132_134\frame_003.jpg,frame_003.jpg,3
McjIOGWmTTk_132_134,earthquake,C:\Users\ujjes\OneDrive\Desktop\vlm-disaster-analyzer\datasets\video_dataset\extracted_frames\earthquake\McjIOGWmTTk_132_134\frame_004.jpg,frame_004.jpg,4
McjIOGWmTTk_143_146,earthquake,C:\Users\ujjes\OneDrive\Desktop\vlm-disaster-analyzer\datasets\video_dataset\extracted_frames\earthquake\McjIOGWmTTk_143_146\frame_001.jpg,frame_001.jpg,1
McjIOGWmTTk_143_146,earthquake,C:\Users\ujjes\OneDrive\Desktop\vlm-disaster-analyzer\datasets\video_dataset\extracted_frames\earthquake\McjIOGWmTTk_143_146\frame_002.jpg,frame_002.jpg,2
McjIOGWmTTk_143_146,earthquake,C:\Users\ujjes\OneDrive\Desktop\vlm-disaster-analyzer\datasets\video_dataset\extracted_frames\earthquake\McjIOGWmTTk_143_146\frame_003.jpg,frame_003.jpg,3
McjIOGWmTTk_143_146,earthquake,C:\Users\ujjes\OneDrive\Desktop\vlm-disaster-analyzer\datasets\video_dataset\extracted_frames\earthquake\McjIOGWmTTk_143_146\frame_004.jpg,frame_004.jpg,4
mNRbBMxKpgE_451_454,earthquake,C:\Users\ujjes\OneDrive\Desktop\vlm-disaster-analyzer\datasets\video_dataset\extracted_frames\earthquake\mNRbBMxKpgE_451_454\frame_001.jpg,frame_001.jpg,1
mNRbBMxKpgE_451_454,earthquake,C:\Users\ujjes\OneDrive\Desktop\vlm-disaster-analyzer\datasets\video_dataset\extracted_frames\earthquake\mNRbBMxKpgE_451_454\frame_002.jpg,frame_002.jpg,2
mNRbBMxKpgE_451_454,earthquake,C:\Users\ujjes\OneDrive\Desktop\vlm-disaster-analyzer\datasets\video_dataset\extracted_frames\earthquake\mNRbBMxKpgE_451_454\frame_003.jpg,frame_003.jpg,3
mNRbBMxKpgE_451_454,earthquake,C:\Users\ujjes\OneDrive\Desktop\vlm-disaster-analyzer\datasets\video_dataset\extracted_frames\earthquake\mNRbBMxKpgE_451_454\frame_004.jpg,frame_004.jpg,4
mNRbBMxKpgE_463_466,earthquake,C:\Users\ujjes\OneDrive\Desktop\vlm-disaster-analyzer\datasets\video_dataset\extracted_frames\earthquake\mNRbBMxKpgE_463_466\frame_001.jpg,frame_001.jpg,1
mNRbBMxKpgE_463_466,earthquake,C:\Users\ujjes\OneDrive\Desktop\vlm-disaster-analyzer\datasets\video_dataset\extracted_frames\earthquake\mNRbBMxKpgE_463_466\frame_002.jpg,frame_002.jpg,2
mNRbBMxKpgE_463_466,earthquake,C:\Users\ujjes\OneDrive\Desktop\vlm-disaster-analyzer\datasets\video_dataset\extracted_frames\earthquake\mNRbBMxKpgE_463_466\frame_003.jpg,frame_003.jpg,3
mNRbBMxKpgE_463_466,earthquake,C:\Users\ujjes\OneDrive\Desktop\vlm-disaster-analyzer\datasets\video_dataset\extracted_frames\earthquake\mNRbBMxKpgE_463_466\frame_004.jpg,frame_004.jpg,4
nGV_JS9j4JE_351_357,earthquake,C:\Users\ujjes\OneDrive\Desktop\vlm-disaster-analyzer\datasets\video_dataset\extracted_frames\earthquake\nGV_JS9j4JE_351_357\frame_001.jpg,frame_001.jpg,1
nGV_JS9j4JE_351_357,earthquake,C:\Users\ujjes\OneDrive\Desktop\vlm-disaster-analyzer\datasets\video_dataset\extracted_frames\earthquake\nGV_JS9j4JE_351_357\frame_002.jpg,frame_002.jpg,2
nGV_JS9j4JE_351_357,earthquake,C:\Users\ujjes\OneDrive\Desktop\vlm-disaster-analyzer\datasets\video_dataset\extracted_frames\earthquake\nGV_JS9j4JE_351_357\frame_003.jpg,frame_003.jpg,3
nGV_JS9j4JE_351_357,earthquake,C:\Users\ujjes\OneDrive\Desktop\vlm-disaster-analyzer\datasets\video_dataset\extracted_frames\earthquake\nGV_JS9j4JE_351_357\frame_004.jpg,frame_004.jpg,4
nGV_JS9j4JE_362_368,earthquake,C:\Users\ujjes\OneDrive\Desktop\vlm-disaster-analyzer\datasets\video_dataset\extracted_frames\earthquake\nGV_JS9j4JE_362_368\frame_001.jpg,frame_001.jpg,1
nGV_JS9j4JE_362_368,earthquake,C:\Users\ujjes\OneDrive\Desktop\vlm-disaster-analyzer\datasets\video_dataset\extracted_frames\earthquake\nGV_JS9j4JE_362_368\frame_002.jpg,frame_002.jpg,2
nGV_JS9j4JE_362_368,earthquake,C:\Users\ujjes\OneDrive\Desktop\vlm-disaster-analyzer\datasets\video_dataset\extracted_frames\earthquake\nGV_JS9j4JE_362_368\frame_003.jpg,frame_003.jpg,3
nGV_JS9j4JE_362_368,earthquake,C:\Users\ujjes\OneDrive\Desktop\vlm-disaster-analyzer\datasets\video_dataset\extracted_frames\earthquake\nGV_JS9j4JE_362_368\frame_004.jpg,frame_004.jpg,4
q5nf6Wl5TVI_94_139,earthquake,C:\Users\ujjes\OneDrive\Desktop\vlm-disaster-analyzer\datasets\video_dataset\extracted_frames\earthquake\q5nf6Wl5TVI_94_139\frame_001.jpg,frame_001.jpg,1
q5nf6Wl5TVI_94_139,earthquake,C:\Users\ujjes\OneDrive\Desktop\vlm-disaster-analyzer\datasets\video_dataset\extracted_frames\earthquake\q5nf6Wl5TVI_94_139\frame_002.jpg,frame_002.jpg,2
q5nf6Wl5TVI_94_139,earthquake,C:\Users\ujjes\OneDrive\Desktop\vlm-disaster-analyzer\datasets\video_dataset\extracted_frames\earthquake\q5nf6Wl5TVI_94_139\frame_003.jpg,frame_003.jpg,3
q5nf6Wl5TVI_94_139,earthquake,C:\Users\ujjes\OneDrive\Desktop\vlm-disaster-analyzer\datasets\video_dataset\extracted_frames\earthquake\q5nf6Wl5TVI_94_139\frame_004.jpg,frame_004.jpg,4
UiNkSHTuYho_154_156,earthquake,C:\Users\ujjes\OneDrive\Desktop\vlm-disaster-analyzer\datasets\video_dataset\extracted_frames\earthquake\UiNkSHTuYho_154_156\frame_001.jpg,frame_001.jpg,1
UiNkSHTuYho_154_156,earthquake,C:\Users\ujjes\OneDrive\Desktop\vlm-disaster-analyzer\datasets\video_dataset\extracted_frames\earthquake\UiNkSHTuYho_154_156\frame_002.jpg,frame_002.jpg,2
UiNkSHTuYho_154_156,earthquake,C:\Users\ujjes\OneDrive\Desktop\vlm-disaster-analyzer\datasets\video_dataset\extracted_frames\earthquake\UiNkSHTuYho_154_156\frame_003.jpg,frame_003.jpg,3
UiNkSHTuYho_154_156,earthquake,C:\Users\ujjes\OneDrive\Desktop\vlm-disaster-analyzer\datasets\video_dataset\extracted_frames\earthquake\UiNkSHTuYho_154_156\frame_004.jpg,frame_004.jpg,4
413ye9QDIYo_41_43,flood,C:\Users\ujjes\OneDrive\Desktop\vlm-disaster-analyzer\datasets\video_dataset\extracted_frames\flood\413ye9QDIYo_41_43\frame_001.jpg,frame_001.jpg,1
413ye9QDIYo_41_43,flood,C:\Users\ujjes\OneDrive\Desktop\vlm-disaster-analyzer\datasets\video_dataset\extracted_frames\flood\413ye9QDIYo_41_43\frame_002.jpg,frame_002.jpg,2
413ye9QDIYo_41_43,flood,C:\Users\ujjes\OneDrive\Desktop\vlm-disaster-analyzer\datasets\video_dataset\extracted_frames\flood\413ye9QDIYo_41_43\frame_003.jpg,frame_003.jpg,3
413ye9QDIYo_41_43,flood,C:\Users\ujjes\OneDrive\Desktop\vlm-disaster-analyzer\datasets\video_dataset\extracted_frames\flood\413ye9QDIYo_41_43\frame_004.jpg,frame_004.jpg,4
9tquHgktyhM_11_14,flood,C:\Users\ujjes\OneDrive\Desktop\vlm-disaster-analyzer\datasets\video_dataset\extracted_frames\flood\9tquHgktyhM_11_14\frame_001.jpg,frame_001.jpg,1
9tquHgktyhM_11_14,flood,C:\Users\ujjes\OneDrive\Desktop\vlm-disaster-analyzer\datasets\video_dataset\extracted_frames\flood\9tquHgktyhM_11_14\frame_002.jpg,frame_002.jpg,2
9tquHgktyhM_11_14,flood,C:\Users\ujjes\OneDrive\Desktop\vlm-disaster-analyzer\datasets\video_dataset\extracted_frames\flood\9tquHgktyhM_11_14\frame_003.jpg,frame_003.jpg,3
9tquHgktyhM_11_14,flood,C:\Users\ujjes\OneDrive\Desktop\vlm-disaster-analyzer\datasets\video_dataset\extracted_frames\flood\9tquHgktyhM_11_14\frame_004.jpg,frame_004.jpg,4
9tquHgktyhM_25_37,flood,C:\Users\ujjes\OneDrive\Desktop\vlm-disaster-analyzer\datasets\video_dataset\extracted_frames\flood\9tquHgktyhM_25_37\frame_001.jpg,frame_001.jpg,1
9tquHgktyhM_25_37,flood,C:\Users\ujjes\OneDrive\Desktop\vlm-disaster-analyzer\datasets\video_dataset\extracted_frames\flood\9tquHgktyhM_25_37\frame_002.jpg,frame_002.jpg,2
9tquHgktyhM_25_37,flood,C:\Users\ujjes\OneDrive\Desktop\vlm-disaster-analyzer\datasets\video_dataset\extracted_frames\flood\9tquHgktyhM_25_37\frame_003.jpg,frame_003.jpg,3
9tquHgktyhM_25_37,flood,C:\Users\ujjes\OneDrive\Desktop\vlm-disaster-analyzer\datasets\video_dataset\extracted_frames\flood\9tquHgktyhM_25_37\frame_004.jpg,frame_004.jpg,4
_1UpniAy51E_14_16,flood,C:\Users\ujjes\OneDrive\Desktop\vlm-disaster-analyzer\datasets\video_dataset\extracted_frames\flood\_1UpniAy51E_14_16\frame_001.jpg,frame_001.jpg,1
_1UpniAy51E_14_16,flood,C:\Users\ujjes\OneDrive\Desktop\vlm-disaster-analyzer\datasets\video_dataset\extracted_frames\flood\_1UpniAy51E_14_16\frame_002.jpg,frame_002.jpg,2
_1UpniAy51E_14_16,flood,C:\Users\ujjes\OneDrive\Desktop\vlm-disaster-analyzer\datasets\video_dataset\extracted_frames\flood\_1UpniAy51E_14_16\frame_003.jpg,frame_003.jpg,3
_1UpniAy51E_14_16,flood,C:\Users\ujjes\OneDrive\Desktop\vlm-disaster-analyzer\datasets\video_dataset\extracted_frames\flood\_1UpniAy51E_14_16\frame_004.jpg,frame_004.jpg,4
_1UpniAy51E_20_22,flood,C:\Users\ujjes\OneDrive\Desktop\vlm-disaster-analyzer\datasets\video_dataset\extracted_frames\flood\_1UpniAy51E_20_22\frame_001.jpg,frame_001.jpg,1
_1UpniAy51E_20_22,flood,C:\Users\ujjes\OneDrive\Desktop\vlm-disaster-analyzer\datasets\video_dataset\extracted_frames\flood\_1UpniAy51E_20_22\frame_002.jpg,frame_002.jpg,2
_1UpniAy51E_20_22,flood,C:\Users\ujjes\OneDrive\Desktop\vlm-disaster-analyzer\datasets\video_dataset\extracted_frames\flood\_1UpniAy51E_20_22\frame_003.jpg,frame_003.jpg,3
_1UpniAy51E_20_22,flood,C:\Users\ujjes\OneDrive\Desktop\vlm-disaster-analyzer\datasets\video_dataset\extracted_frames\flood\_1UpniAy51E_20_22\frame_004.jpg,frame_004.jpg,4
AQ-nZKQFG3M_20_22,flood,C:\Users\ujjes\OneDrive\Desktop\vlm-disaster-analyzer\datasets\video_dataset\extracted_frames\flood\AQ-nZKQFG3M_20_22\frame_001.jpg,frame_001.jpg,1
AQ-nZKQFG3M_20_22,flood,C:\Users\ujjes\OneDrive\Desktop\vlm-disaster-analyzer\datasets\video_dataset\extracted_frames\flood\AQ-nZKQFG3M_20_22\frame_002.jpg,frame_002.jpg,2
AQ-nZKQFG3M_20_22,flood,C:\Users\ujjes\OneDrive\Desktop\vlm-disaster-analyzer\datasets\video_dataset\extracted_frames\flood\AQ-nZKQFG3M_20_22\frame_003.jpg,frame_003.jpg,3
AQ-nZKQFG3M_20_22,flood,C:\Users\ujjes\OneDrive\Desktop\vlm-disaster-analyzer\datasets\video_dataset\extracted_frames\flood\AQ-nZKQFG3M_20_22\frame_004.jpg,frame_004.jpg,4
AQ-nZKQFG3M_9_11,flood,C:\Users\ujjes\OneDrive\Desktop\vlm-disaster-analyzer\datasets\video_dataset\extracted_frames\flood\AQ-nZKQFG3M_9_11\frame_001.jpg,frame_001.jpg,1
AQ-nZKQFG3M_9_11,flood,C:\Users\ujjes\OneDrive\Desktop\vlm-disaster-analyzer\datasets\video_dataset\extracted_frames\flood\AQ-nZKQFG3M_9_11\frame_002.jpg,frame_002.jpg,2
AQ-nZKQFG3M_9_11,flood,C:\Users\ujjes\OneDrive\Desktop\vlm-disaster-analyzer\datasets\video_dataset\extracted_frames\flood\AQ-nZKQFG3M_9_11\frame_003.jpg,frame_003.jpg,3
AQ-nZKQFG3M_9_11,flood,C:\Users\ujjes\OneDrive\Desktop\vlm-disaster-analyzer\datasets\video_dataset\extracted_frames\flood\AQ-nZKQFG3M_9_11\frame_004.jpg,frame_004.jpg,4
IBQFar-bm1o_38_40,flood,C:\Users\ujjes\OneDrive\Desktop\vlm-disaster-analyzer\datasets\video_dataset\extracted_frames\flood\IBQFar-bm1o_38_40\frame_001.jpg,frame_001.jpg,1
IBQFar-bm1o_38_40,flood,C:\Users\ujjes\OneDrive\Desktop\vlm-disaster-analyzer\datasets\video_dataset\extracted_frames\flood\IBQFar-bm1o_38_40\frame_002.jpg,frame_002.jpg,2
IBQFar-bm1o_38_40,flood,C:\Users\ujjes\OneDrive\Desktop\vlm-disaster-analyzer\datasets\video_dataset\extracted_frames\flood\IBQFar-bm1o_38_40\frame_003.jpg,frame_003.jpg,3
IBQFar-bm1o_38_40,flood,C:\Users\ujjes\OneDrive\Desktop\vlm-disaster-analyzer\datasets\video_dataset\extracted_frames\flood\IBQFar-bm1o_38_40\frame_004.jpg,frame_004.jpg,4
MfdlUxAls08_225_232,flood,C:\Users\ujjes\OneDrive\Desktop\vlm-disaster-analyzer\datasets\video_dataset\extracted_frames\flood\MfdlUxAls08_225_232\frame_001.jpg,frame_001.jpg,1
MfdlUxAls08_225_232,flood,C:\Users\ujjes\OneDrive\Desktop\vlm-disaster-analyzer\datasets\video_dataset\extracted_frames\flood\MfdlUxAls08_225_232\frame_002.jpg,frame_002.jpg,2
MfdlUxAls08_225_232,flood,C:\Users\ujjes\OneDrive\Desktop\vlm-disaster-analyzer\datasets\video_dataset\extracted_frames\flood\MfdlUxAls08_225_232\frame_003.jpg,frame_003.jpg,3
MfdlUxAls08_225_232,flood,C:\Users\ujjes\OneDrive\Desktop\vlm-disaster-analyzer\datasets\video_dataset\extracted_frames\flood\MfdlUxAls08_225_232\frame_004.jpg,frame_004.jpg,4
mknStAMia0Q_131_135,flood,C:\Users\ujjes\OneDrive\Desktop\vlm-disaster-analyzer\datasets\video_dataset\extracted_frames\flood\mknStAMia0Q_131_135\frame_001.jpg,frame_001.jpg,1
mknStAMia0Q_131_135,flood,C:\Users\ujjes\OneDrive\Desktop\vlm-disaster-analyzer\datasets\video_dataset\extracted_frames\flood\mknStAMia0Q_131_135\frame_002.jpg,frame_002.jpg,2
mknStAMia0Q_131_135,flood,C:\Users\ujjes\OneDrive\Desktop\vlm-disaster-analyzer\datasets\video_dataset\extracted_frames\flood\mknStAMia0Q_131_135\frame_003.jpg,frame_003.jpg,3
mknStAMia0Q_131_135,flood,C:\Users\ujjes\OneDrive\Desktop\vlm-disaster-analyzer\datasets\video_dataset\extracted_frames\flood\mknStAMia0Q_131_135\frame_004.jpg,frame_004.jpg,4
Nryb-sVBVQ8_231_233,flood,C:\Users\ujjes\OneDrive\Desktop\vlm-disaster-analyzer\datasets\video_dataset\extracted_frames\flood\Nryb-sVBVQ8_231_233\frame_001.jpg,frame_001.jpg,1
Nryb-sVBVQ8_231_233,flood,C:\Users\ujjes\OneDrive\Desktop\vlm-disaster-analyzer\datasets\video_dataset\extracted_frames\flood\Nryb-sVBVQ8_231_233\frame_002.jpg,frame_002.jpg,2
Nryb-sVBVQ8_231_233,flood,C:\Users\ujjes\OneDrive\Desktop\vlm-disaster-analyzer\datasets\video_dataset\extracted_frames\flood\Nryb-sVBVQ8_231_233\frame_003.jpg,frame_003.jpg,3
Nryb-sVBVQ8_231_233,flood,C:\Users\ujjes\OneDrive\Desktop\vlm-disaster-analyzer\datasets\video_dataset\extracted_frames\flood\Nryb-sVBVQ8_231_233\frame_004.jpg,frame_004.jpg,4
Nryb-sVBVQ8_62_64,flood,C:\Users\ujjes\OneDrive\Desktop\vlm-disaster-analyzer\datasets\video_dataset\extracted_frames\flood\Nryb-sVBVQ8_62_64\frame_001.jpg,frame_001.jpg,1
Nryb-sVBVQ8_62_64,flood,C:\Users\ujjes\OneDrive\Desktop\vlm-disaster-analyzer\datasets\video_dataset\extracted_frames\flood\Nryb-sVBVQ8_62_64\frame_002.jpg,frame_002.jpg,2
Nryb-sVBVQ8_62_64,flood,C:\Users\ujjes\OneDrive\Desktop\vlm-disaster-analyzer\datasets\video_dataset\extracted_frames\flood\Nryb-sVBVQ8_62_64\frame_003.jpg,frame_003.jpg,3
Nryb-sVBVQ8_62_64,flood,C:\Users\ujjes\OneDrive\Desktop\vlm-disaster-analyzer\datasets\video_dataset\extracted_frames\flood\Nryb-sVBVQ8_62_64\frame_004.jpg,frame_004.jpg,4
TVw6jAXQ36E_121_123,flood,C:\Users\ujjes\OneDrive\Desktop\vlm-disaster-analyzer\datasets\video_dataset\extracted_frames\flood\TVw6jAXQ36E_121_123\frame_001.jpg,frame_001.jpg,1
TVw6jAXQ36E_121_123,flood,C:\Users\ujjes\OneDrive\Desktop\vlm-disaster-analyzer\datasets\video_dataset\extracted_frames\flood\TVw6jAXQ36E_121_123\frame_002.jpg,frame_002.jpg,2
TVw6jAXQ36E_121_123,flood,C:\Users\ujjes\OneDrive\Desktop\vlm-disaster-analyzer\datasets\video_dataset\extracted_frames\flood\TVw6jAXQ36E_121_123\frame_003.jpg,frame_003.jpg,3
TVw6jAXQ36E_121_123,flood,C:\Users\ujjes\OneDrive\Desktop\vlm-disaster-analyzer\datasets\video_dataset\extracted_frames\flood\TVw6jAXQ36E_121_123\frame_004.jpg,frame_004.jpg,4
wv_TjYd5Da8_33_36,flood,C:\Users\ujjes\OneDrive\Desktop\vlm-disaster-analyzer\datasets\video_dataset\extracted_frames\flood\wv_TjYd5Da8_33_36\frame_001.jpg,frame_001.jpg,1
wv_TjYd5Da8_33_36,flood,C:\Users\ujjes\OneDrive\Desktop\vlm-disaster-analyzer\datasets\video_dataset\extracted_frames\flood\wv_TjYd5Da8_33_36\frame_002.jpg,frame_002.jpg,2
wv_TjYd5Da8_33_36,flood,C:\Users\ujjes\OneDrive\Desktop\vlm-disaster-analyzer\datasets\video_dataset\extracted_frames\flood\wv_TjYd5Da8_33_36\frame_003.jpg,frame_003.jpg,3
wv_TjYd5Da8_33_36,flood,C:\Users\ujjes\OneDrive\Desktop\vlm-disaster-analyzer\datasets\video_dataset\extracted_frames\flood\wv_TjYd5Da8_33_36\frame_004.jpg,frame_004.jpg,4
wv_TjYd5Da8_40_43,flood,C:\Users\ujjes\OneDrive\Desktop\vlm-disaster-analyzer\datasets\video_dataset\extracted_frames\flood\wv_TjYd5Da8_40_43\frame_001.jpg,frame_001.jpg,1
wv_TjYd5Da8_40_43,flood,C:\Users\ujjes\OneDrive\Desktop\vlm-disaster-analyzer\datasets\video_dataset\extracted_frames\flood\wv_TjYd5Da8_40_43\frame_002.jpg,frame_002.jpg,2
wv_TjYd5Da8_40_43,flood,C:\Users\ujjes\OneDrive\Desktop\vlm-disaster-analyzer\datasets\video_dataset\extracted_frames\flood\wv_TjYd5Da8_40_43\frame_003.jpg,frame_003.jpg,3
wv_TjYd5Da8_40_43,flood,C:\Users\ujjes\OneDrive\Desktop\vlm-disaster-analyzer\datasets\video_dataset\extracted_frames\flood\wv_TjYd5Da8_40_43\frame_004.jpg,frame_004.jpg,4
4jSFEslThGE_37_47,landslide,C:\Users\ujjes\OneDrive\Desktop\vlm-disaster-analyzer\datasets\video_dataset\extracted_frames\landslide\4jSFEslThGE_37_47\frame_001.jpg,frame_001.jpg,1
4jSFEslThGE_37_47,landslide,C:\Users\ujjes\OneDrive\Desktop\vlm-disaster-analyzer\datasets\video_dataset\extracted_frames\landslide\4jSFEslThGE_37_47\frame_002.jpg,frame_002.jpg,2
4jSFEslThGE_37_47,landslide,C:\Users\ujjes\OneDrive\Desktop\vlm-disaster-analyzer\datasets\video_dataset\extracted_frames\landslide\4jSFEslThGE_37_47\frame_003.jpg,frame_003.jpg,3
4jSFEslThGE_37_47,landslide,C:\Users\ujjes\OneDrive\Desktop\vlm-disaster-analyzer\datasets\video_dataset\extracted_frames\landslide\4jSFEslThGE_37_47\frame_004.jpg,frame_004.jpg,4
_qzynb6KGiA_16_20,landslide,C:\Users\ujjes\OneDrive\Desktop\vlm-disaster-analyzer\datasets\video_dataset\extracted_frames\landslide\_qzynb6KGiA_16_20\frame_001.jpg,frame_001.jpg,1
_qzynb6KGiA_16_20,landslide,C:\Users\ujjes\OneDrive\Desktop\vlm-disaster-analyzer\datasets\video_dataset\extracted_frames\landslide\_qzynb6KGiA_16_20\frame_002.jpg,frame_002.jpg,2
_qzynb6KGiA_16_20,landslide,C:\Users\ujjes\OneDrive\Desktop\vlm-disaster-analyzer\datasets\video_dataset\extracted_frames\landslide\_qzynb6KGiA_16_20\frame_003.jpg,frame_003.jpg,3
_qzynb6KGiA_16_20,landslide,C:\Users\ujjes\OneDrive\Desktop\vlm-disaster-analyzer\datasets\video_dataset\extracted_frames\landslide\_qzynb6KGiA_16_20\frame_004.jpg,frame_004.jpg,4
_qzynb6KGiA_27_29,landslide,C:\Users\ujjes\OneDrive\Desktop\vlm-disaster-analyzer\datasets\video_dataset\extracted_frames\landslide\_qzynb6KGiA_27_29\frame_001.jpg,frame_001.jpg,1
_qzynb6KGiA_27_29,landslide,C:\Users\ujjes\OneDrive\Desktop\vlm-disaster-analyzer\datasets\video_dataset\extracted_frames\landslide\_qzynb6KGiA_27_29\frame_002.jpg,frame_002.jpg,2
_qzynb6KGiA_27_29,landslide,C:\Users\ujjes\OneDrive\Desktop\vlm-disaster-analyzer\datasets\video_dataset\extracted_frames\landslide\_qzynb6KGiA_27_29\frame_003.jpg,frame_003.jpg,3
_qzynb6KGiA_27_29,landslide,C:\Users\ujjes\OneDrive\Desktop\vlm-disaster-analyzer\datasets\video_dataset\extracted_frames\landslide\_qzynb6KGiA_27_29\frame_004.jpg,frame_004.jpg,4
ACSgKGxtx70_11_19,landslide,C:\Users\ujjes\OneDrive\Desktop\vlm-disaster-analyzer\datasets\video_dataset\extracted_frames\landslide\ACSgKGxtx70_11_19\frame_001.jpg,frame_001.jpg,1
ACSgKGxtx70_11_19,landslide,C:\Users\ujjes\OneDrive\Desktop\vlm-disaster-analyzer\datasets\video_dataset\extracted_frames\landslide\ACSgKGxtx70_11_19\frame_002.jpg,frame_002.jpg,2
ACSgKGxtx70_11_19,landslide,C:\Users\ujjes\OneDrive\Desktop\vlm-disaster-analyzer\datasets\video_dataset\extracted_frames\landslide\ACSgKGxtx70_11_19\frame_003.jpg,frame_003.jpg,3
ACSgKGxtx70_11_19,landslide,C:\Users\ujjes\OneDrive\Desktop\vlm-disaster-analyzer\datasets\video_dataset\extracted_frames\landslide\ACSgKGxtx70_11_19\frame_004.jpg,frame_004.jpg,4
b039YSNHIOc_21_24,landslide,C:\Users\ujjes\OneDrive\Desktop\vlm-disaster-analyzer\datasets\video_dataset\extracted_frames\landslide\b039YSNHIOc_21_24\frame_001.jpg,frame_001.jpg,1
b039YSNHIOc_21_24,landslide,C:\Users\ujjes\OneDrive\Desktop\vlm-disaster-analyzer\datasets\video_dataset\extracted_frames\landslide\b039YSNHIOc_21_24\frame_002.jpg,frame_002.jpg,2
b039YSNHIOc_21_24,landslide,C:\Users\ujjes\OneDrive\Desktop\vlm-disaster-analyzer\datasets\video_dataset\extracted_frames\landslide\b039YSNHIOc_21_24\frame_003.jpg,frame_003.jpg,3
b039YSNHIOc_21_24,landslide,C:\Users\ujjes\OneDrive\Desktop\vlm-disaster-analyzer\datasets\video_dataset\extracted_frames\landslide\b039YSNHIOc_21_24\frame_004.jpg,frame_004.jpg,4
b039YSNHIOc_33_41,landslide,C:\Users\ujjes\OneDrive\Desktop\vlm-disaster-analyzer\datasets\video_dataset\extracted_frames\landslide\b039YSNHIOc_33_41\frame_001.jpg,frame_001.jpg,1
b039YSNHIOc_33_41,landslide,C:\Users\ujjes\OneDrive\Desktop\vlm-disaster-analyzer\datasets\video_dataset\extracted_frames\landslide\b039YSNHIOc_33_41\frame_002.jpg,frame_002.jpg,2
b039YSNHIOc_33_41,landslide,C:\Users\ujjes\OneDrive\Desktop\vlm-disaster-analyzer\datasets\video_dataset\extracted_frames\landslide\b039YSNHIOc_33_41\frame_003.jpg,frame_003.jpg,3
b039YSNHIOc_33_41,landslide,C:\Users\ujjes\OneDrive\Desktop\vlm-disaster-analyzer\datasets\video_dataset\extracted_frames\landslide\b039YSNHIOc_33_41\frame_004.jpg,frame_004.jpg,4
jjeCDYvGJS8_4_59,landslide,C:\Users\ujjes\OneDrive\Desktop\vlm-disaster-analyzer\datasets\video_dataset\extracted_frames\landslide\jjeCDYvGJS8_4_59\frame_001.jpg,frame_001.jpg,1
jjeCDYvGJS8_4_59,landslide,C:\Users\ujjes\OneDrive\Desktop\vlm-disaster-analyzer\datasets\video_dataset\extracted_frames\landslide\jjeCDYvGJS8_4_59\frame_002.jpg,frame_002.jpg,2
jjeCDYvGJS8_4_59,landslide,C:\Users\ujjes\OneDrive\Desktop\vlm-disaster-analyzer\datasets\video_dataset\extracted_frames\landslide\jjeCDYvGJS8_4_59\frame_003.jpg,frame_003.jpg,3
jjeCDYvGJS8_4_59,landslide,C:\Users\ujjes\OneDrive\Desktop\vlm-disaster-analyzer\datasets\video_dataset\extracted_frames\landslide\jjeCDYvGJS8_4_59\frame_004.jpg,frame_004.jpg,4
mknStAMia0Q_59_61,landslide,C:\Users\ujjes\OneDrive\Desktop\vlm-disaster-analyzer\datasets\video_dataset\extracted_frames\landslide\mknStAMia0Q_59_61\frame_001.jpg,frame_001.jpg,1
mknStAMia0Q_59_61,landslide,C:\Users\ujjes\OneDrive\Desktop\vlm-disaster-analyzer\datasets\video_dataset\extracted_frames\landslide\mknStAMia0Q_59_61\frame_002.jpg,frame_002.jpg,2
mknStAMia0Q_59_61,landslide,C:\Users\ujjes\OneDrive\Desktop\vlm-disaster-analyzer\datasets\video_dataset\extracted_frames\landslide\mknStAMia0Q_59_61\frame_003.jpg,frame_003.jpg,3
mknStAMia0Q_59_61,landslide,C:\Users\ujjes\OneDrive\Desktop\vlm-disaster-analyzer\datasets\video_dataset\extracted_frames\landslide\mknStAMia0Q_59_61\frame_004.jpg,frame_004.jpg,4
mW9wVjGvB4Y_28_46,landslide,C:\Users\ujjes\OneDrive\Desktop\vlm-disaster-analyzer\datasets\video_dataset\extracted_frames\landslide\mW9wVjGvB4Y_28_46\frame_001.jpg,frame_001.jpg,1
mW9wVjGvB4Y_28_46,landslide,C:\Users\ujjes\OneDrive\Desktop\vlm-disaster-analyzer\datasets\video_dataset\extracted_frames\landslide\mW9wVjGvB4Y_28_46\frame_002.jpg,frame_002.jpg,2
mW9wVjGvB4Y_28_46,landslide,C:\Users\ujjes\OneDrive\Desktop\vlm-disaster-analyzer\datasets\video_dataset\extracted_frames\landslide\mW9wVjGvB4Y_28_46\frame_003.jpg,frame_003.jpg,3
mW9wVjGvB4Y_28_46,landslide,C:\Users\ujjes\OneDrive\Desktop\vlm-disaster-analyzer\datasets\video_dataset\extracted_frames\landslide\mW9wVjGvB4Y_28_46\frame_004.jpg,frame_004.jpg,4
nITbz8t6D68_65_73,landslide,C:\Users\ujjes\OneDrive\Desktop\vlm-disaster-analyzer\datasets\video_dataset\extracted_frames\landslide\nITbz8t6D68_65_73\frame_001.jpg,frame_001.jpg,1
nITbz8t6D68_65_73,landslide,C:\Users\ujjes\OneDrive\Desktop\vlm-disaster-analyzer\datasets\video_dataset\extracted_frames\landslide\nITbz8t6D68_65_73\frame_002.jpg,frame_002.jpg,2
nITbz8t6D68_65_73,landslide,C:\Users\ujjes\OneDrive\Desktop\vlm-disaster-analyzer\datasets\video_dataset\extracted_frames\landslide\nITbz8t6D68_65_73\frame_003.jpg,frame_003.jpg,3
nITbz8t6D68_65_73,landslide,C:\Users\ujjes\OneDrive\Desktop\vlm-disaster-analyzer\datasets\video_dataset\extracted_frames\landslide\nITbz8t6D68_65_73\frame_004.jpg,frame_004.jpg,4
nITbz8t6D68_89_95,landslide,C:\Users\ujjes\OneDrive\Desktop\vlm-disaster-analyzer\datasets\video_dataset\extracted_frames\landslide\nITbz8t6D68_89_95\frame_001.jpg,frame_001.jpg,1
nITbz8t6D68_89_95,landslide,C:\Users\ujjes\OneDrive\Desktop\vlm-disaster-analyzer\datasets\video_dataset\extracted_frames\landslide\nITbz8t6D68_89_95\frame_002.jpg,frame_002.jpg,2
nITbz8t6D68_89_95,landslide,C:\Users\ujjes\OneDrive\Desktop\vlm-disaster-analyzer\datasets\video_dataset\extracted_frames\landslide\nITbz8t6D68_89_95\frame_003.jpg,frame_003.jpg,3
nITbz8t6D68_89_95,landslide,C:\Users\ujjes\OneDrive\Desktop\vlm-disaster-analyzer\datasets\video_dataset\extracted_frames\landslide\nITbz8t6D68_89_95\frame_004.jpg,frame_004.jpg,4
Sx7gpCRDizk_238_243,landslide,C:\Users\ujjes\OneDrive\Desktop\vlm-disaster-analyzer\datasets\video_dataset\extracted_frames\landslide\Sx7gpCRDizk_238_243\frame_001.jpg,frame_001.jpg,1
Sx7gpCRDizk_238_243,landslide,C:\Users\ujjes\OneDrive\Desktop\vlm-disaster-analyzer\datasets\video_dataset\extracted_frames\landslide\Sx7gpCRDizk_238_243\frame_002.jpg,frame_002.jpg,2
Sx7gpCRDizk_238_243,landslide,C:\Users\ujjes\OneDrive\Desktop\vlm-disaster-analyzer\datasets\video_dataset\extracted_frames\landslide\Sx7gpCRDizk_238_243\frame_003.jpg,frame_003.jpg,3
Sx7gpCRDizk_238_243,landslide,C:\Users\ujjes\OneDrive\Desktop\vlm-disaster-analyzer\datasets\video_dataset\extracted_frames\landslide\Sx7gpCRDizk_238_243\frame_004.jpg,frame_004.jpg,4
Sx7gpCRDizk_40_70,landslide,C:\Users\ujjes\OneDrive\Desktop\vlm-disaster-analyzer\datasets\video_dataset\extracted_frames\landslide\Sx7gpCRDizk_40_70\frame_001.jpg,frame_001.jpg,1
Sx7gpCRDizk_40_70,landslide,C:\Users\ujjes\OneDrive\Desktop\vlm-disaster-analyzer\datasets\video_dataset\extracted_frames\landslide\Sx7gpCRDizk_40_70\frame_002.jpg,frame_002.jpg,2
Sx7gpCRDizk_40_70,landslide,C:\Users\ujjes\OneDrive\Desktop\vlm-disaster-analyzer\datasets\video_dataset\extracted_frames\landslide\Sx7gpCRDizk_40_70\frame_003.jpg,frame_003.jpg,3
Sx7gpCRDizk_40_70,landslide,C:\Users\ujjes\OneDrive\Desktop\vlm-disaster-analyzer\datasets\video_dataset\extracted_frames\landslide\Sx7gpCRDizk_40_70\frame_004.jpg,frame_004.jpg,4
zPSuBziOvZM_306_309,landslide,C:\Users\ujjes\OneDrive\Desktop\vlm-disaster-analyzer\datasets\video_dataset\extracted_frames\landslide\zPSuBziOvZM_306_309\frame_001.jpg,frame_001.jpg,1
zPSuBziOvZM_306_309,landslide,C:\Users\ujjes\OneDrive\Desktop\vlm-disaster-analyzer\datasets\video_dataset\extracted_frames\landslide\zPSuBziOvZM_306_309\frame_002.jpg,frame_002.jpg,2
zPSuBziOvZM_306_309,landslide,C:\Users\ujjes\OneDrive\Desktop\vlm-disaster-analyzer\datasets\video_dataset\extracted_frames\landslide\zPSuBziOvZM_306_309\frame_003.jpg,frame_003.jpg,3
zPSuBziOvZM_306_309,landslide,C:\Users\ujjes\OneDrive\Desktop\vlm-disaster-analyzer\datasets\video_dataset\extracted_frames\landslide\zPSuBziOvZM_306_309\frame_004.jpg,frame_004.jpg,4
zw32UFybrOI_23_31,landslide,C:\Users\ujjes\OneDrive\Desktop\vlm-disaster-analyzer\datasets\video_dataset\extracted_frames\landslide\zw32UFybrOI_23_31\frame_001.jpg,frame_001.jpg,1
zw32UFybrOI_23_31,landslide,C:\Users\ujjes\OneDrive\Desktop\vlm-disaster-analyzer\datasets\video_dataset\extracted_frames\landslide\zw32UFybrOI_23_31\frame_002.jpg,frame_002.jpg,2
zw32UFybrOI_23_31,landslide,C:\Users\ujjes\OneDrive\Desktop\vlm-disaster-analyzer\datasets\video_dataset\extracted_frames\landslide\zw32UFybrOI_23_31\frame_003.jpg,frame_003.jpg,3
zw32UFybrOI_23_31,landslide,C:\Users\ujjes\OneDrive\Desktop\vlm-disaster-analyzer\datasets\video_dataset\extracted_frames\landslide\zw32UFybrOI_23_31\frame_004.jpg,frame_004.jpg,4
5hghT1W33cY_139_143,wildfire,C:\Users\ujjes\OneDrive\Desktop\vlm-disaster-analyzer\datasets\video_dataset\extracted_frames\wildfire\5hghT1W33cY_139_143\frame_001.jpg,frame_001.jpg,1
5hghT1W33cY_139_143,wildfire,C:\Users\ujjes\OneDrive\Desktop\vlm-disaster-analyzer\datasets\video_dataset\extracted_frames\wildfire\5hghT1W33cY_139_143\frame_002.jpg,frame_002.jpg,2
5hghT1W33cY_139_143,wildfire,C:\Users\ujjes\OneDrive\Desktop\vlm-disaster-analyzer\datasets\video_dataset\extracted_frames\wildfire\5hghT1W33cY_139_143\frame_003.jpg,frame_003.jpg,3
5hghT1W33cY_139_143,wildfire,C:\Users\ujjes\OneDrive\Desktop\vlm-disaster-analyzer\datasets\video_dataset\extracted_frames\wildfire\5hghT1W33cY_139_143\frame_004.jpg,frame_004.jpg,4
5hghT1W33cY_7_12,wildfire,C:\Users\ujjes\OneDrive\Desktop\vlm-disaster-analyzer\datasets\video_dataset\extracted_frames\wildfire\5hghT1W33cY_7_12\frame_001.jpg,frame_001.jpg,1
5hghT1W33cY_7_12,wildfire,C:\Users\ujjes\OneDrive\Desktop\vlm-disaster-analyzer\datasets\video_dataset\extracted_frames\wildfire\5hghT1W33cY_7_12\frame_002.jpg,frame_002.jpg,2
5hghT1W33cY_7_12,wildfire,C:\Users\ujjes\OneDrive\Desktop\vlm-disaster-analyzer\datasets\video_dataset\extracted_frames\wildfire\5hghT1W33cY_7_12\frame_003.jpg,frame_003.jpg,3
5hghT1W33cY_7_12,wildfire,C:\Users\ujjes\OneDrive\Desktop\vlm-disaster-analyzer\datasets\video_dataset\extracted_frames\wildfire\5hghT1W33cY_7_12\frame_004.jpg,frame_004.jpg,4
7BhDwVefhP8_12_19,wildfire,C:\Users\ujjes\OneDrive\Desktop\vlm-disaster-analyzer\datasets\video_dataset\extracted_frames\wildfire\7BhDwVefhP8_12_19\frame_001.jpg,frame_001.jpg,1
7BhDwVefhP8_12_19,wildfire,C:\Users\ujjes\OneDrive\Desktop\vlm-disaster-analyzer\datasets\video_dataset\extracted_frames\wildfire\7BhDwVefhP8_12_19\frame_002.jpg,frame_002.jpg,2
7BhDwVefhP8_12_19,wildfire,C:\Users\ujjes\OneDrive\Desktop\vlm-disaster-analyzer\datasets\video_dataset\extracted_frames\wildfire\7BhDwVefhP8_12_19\frame_003.jpg,frame_003.jpg,3
7BhDwVefhP8_12_19,wildfire,C:\Users\ujjes\OneDrive\Desktop\vlm-disaster-analyzer\datasets\video_dataset\extracted_frames\wildfire\7BhDwVefhP8_12_19\frame_004.jpg,frame_004.jpg,4
7BhDwVefhP8_40_46,wildfire,C:\Users\ujjes\OneDrive\Desktop\vlm-disaster-analyzer\datasets\video_dataset\extracted_frames\wildfire\7BhDwVefhP8_40_46\frame_001.jpg,frame_001.jpg,1
7BhDwVefhP8_40_46,wildfire,C:\Users\ujjes\OneDrive\Desktop\vlm-disaster-analyzer\datasets\video_dataset\extracted_frames\wildfire\7BhDwVefhP8_40_46\frame_002.jpg,frame_002.jpg,2
7BhDwVefhP8_40_46,wildfire,C:\Users\ujjes\OneDrive\Desktop\vlm-disaster-analyzer\datasets\video_dataset\extracted_frames\wildfire\7BhDwVefhP8_40_46\frame_003.jpg,frame_003.jpg,3
7BhDwVefhP8_40_46,wildfire,C:\Users\ujjes\OneDrive\Desktop\vlm-disaster-analyzer\datasets\video_dataset\extracted_frames\wildfire\7BhDwVefhP8_40_46\frame_004.jpg,frame_004.jpg,4
nFtYF63Jugc_118_124,wildfire,C:\Users\ujjes\OneDrive\Desktop\vlm-disaster-analyzer\datasets\video_dataset\extracted_frames\wildfire\nFtYF63Jugc_118_124\frame_001.jpg,frame_001.jpg,1
nFtYF63Jugc_118_124,wildfire,C:\Users\ujjes\OneDrive\Desktop\vlm-disaster-analyzer\datasets\video_dataset\extracted_frames\wildfire\nFtYF63Jugc_118_124\frame_002.jpg,frame_002.jpg,2
nFtYF63Jugc_118_124,wildfire,C:\Users\ujjes\OneDrive\Desktop\vlm-disaster-analyzer\datasets\video_dataset\extracted_frames\wildfire\nFtYF63Jugc_118_124\frame_003.jpg,frame_003.jpg,3
nFtYF63Jugc_118_124,wildfire,C:\Users\ujjes\OneDrive\Desktop\vlm-disaster-analyzer\datasets\video_dataset\extracted_frames\wildfire\nFtYF63Jugc_118_124\frame_004.jpg,frame_004.jpg,4
nFtYF63Jugc_60_67,wildfire,C:\Users\ujjes\OneDrive\Desktop\vlm-disaster-analyzer\datasets\video_dataset\extracted_frames\wildfire\nFtYF63Jugc_60_67\frame_001.jpg,frame_001.jpg,1
nFtYF63Jugc_60_67,wildfire,C:\Users\ujjes\OneDrive\Desktop\vlm-disaster-analyzer\datasets\video_dataset\extracted_frames\wildfire\nFtYF63Jugc_60_67\frame_002.jpg,frame_002.jpg,2
nFtYF63Jugc_60_67,wildfire,C:\Users\ujjes\OneDrive\Desktop\vlm-disaster-analyzer\datasets\video_dataset\extracted_frames\wildfire\nFtYF63Jugc_60_67\frame_003.jpg,frame_003.jpg,3
nFtYF63Jugc_60_67,wildfire,C:\Users\ujjes\OneDrive\Desktop\vlm-disaster-analyzer\datasets\video_dataset\extracted_frames\wildfire\nFtYF63Jugc_60_67\frame_004.jpg,frame_004.jpg,4
noJuE3oP2II_67_73,wildfire,C:\Users\ujjes\OneDrive\Desktop\vlm-disaster-analyzer\datasets\video_dataset\extracted_frames\wildfire\noJuE3oP2II_67_73\frame_001.jpg,frame_001.jpg,1
noJuE3oP2II_67_73,wildfire,C:\Users\ujjes\OneDrive\Desktop\vlm-disaster-analyzer\datasets\video_dataset\extracted_frames\wildfire\noJuE3oP2II_67_73\frame_002.jpg,frame_002.jpg,2
noJuE3oP2II_67_73,wildfire,C:\Users\ujjes\OneDrive\Desktop\vlm-disaster-analyzer\datasets\video_dataset\extracted_frames\wildfire\noJuE3oP2II_67_73\frame_003.jpg,frame_003.jpg,3
noJuE3oP2II_67_73,wildfire,C:\Users\ujjes\OneDrive\Desktop\vlm-disaster-analyzer\datasets\video_dataset\extracted_frames\wildfire\noJuE3oP2II_67_73\frame_004.jpg,frame_004.jpg,4
NY4OQwUJxlQ_35_42,wildfire,C:\Users\ujjes\OneDrive\Desktop\vlm-disaster-analyzer\datasets\video_dataset\extracted_frames\wildfire\NY4OQwUJxlQ_35_42\frame_001.jpg,frame_001.jpg,1
NY4OQwUJxlQ_35_42,wildfire,C:\Users\ujjes\OneDrive\Desktop\vlm-disaster-analyzer\datasets\video_dataset\extracted_frames\wildfire\NY4OQwUJxlQ_35_42\frame_002.jpg,frame_002.jpg,2
NY4OQwUJxlQ_35_42,wildfire,C:\Users\ujjes\OneDrive\Desktop\vlm-disaster-analyzer\datasets\video_dataset\extracted_frames\wildfire\NY4OQwUJxlQ_35_42\frame_003.jpg,frame_003.jpg,3
NY4OQwUJxlQ_35_42,wildfire,C:\Users\ujjes\OneDrive\Desktop\vlm-disaster-analyzer\datasets\video_dataset\extracted_frames\wildfire\NY4OQwUJxlQ_35_42\frame_004.jpg,frame_004.jpg,4
NY4OQwUJxlQ_47_53,wildfire,C:\Users\ujjes\OneDrive\Desktop\vlm-disaster-analyzer\datasets\video_dataset\extracted_frames\wildfire\NY4OQwUJxlQ_47_53\frame_001.jpg,frame_001.jpg,1
NY4OQwUJxlQ_47_53,wildfire,C:\Users\ujjes\OneDrive\Desktop\vlm-disaster-analyzer\datasets\video_dataset\extracted_frames\wildfire\NY4OQwUJxlQ_47_53\frame_002.jpg,frame_002.jpg,2
NY4OQwUJxlQ_47_53,wildfire,C:\Users\ujjes\OneDrive\Desktop\vlm-disaster-analyzer\datasets\video_dataset\extracted_frames\wildfire\NY4OQwUJxlQ_47_53\frame_003.jpg,frame_003.jpg,3
NY4OQwUJxlQ_47_53,wildfire,C:\Users\ujjes\OneDrive\Desktop\vlm-disaster-analyzer\datasets\video_dataset\extracted_frames\wildfire\NY4OQwUJxlQ_47_53\frame_004.jpg,frame_004.jpg,4
UXTqTh0SrLQ_112_117,wildfire,C:\Users\ujjes\OneDrive\Desktop\vlm-disaster-analyzer\datasets\video_dataset\extracted_frames\wildfire\UXTqTh0SrLQ_112_117\frame_001.jpg,frame_001.jpg,1
UXTqTh0SrLQ_112_117,wildfire,C:\Users\ujjes\OneDrive\Desktop\vlm-disaster-analyzer\datasets\video_dataset\extracted_frames\wildfire\UXTqTh0SrLQ_112_117\frame_002.jpg,frame_002.jpg,2
UXTqTh0SrLQ_112_117,wildfire,C:\Users\ujjes\OneDrive\Desktop\vlm-disaster-analyzer\datasets\video_dataset\extracted_frames\wildfire\UXTqTh0SrLQ_112_117\frame_003.jpg,frame_003.jpg,3
UXTqTh0SrLQ_112_117,wildfire,C:\Users\ujjes\OneDrive\Desktop\vlm-disaster-analyzer\datasets\video_dataset\extracted_frames\wildfire\UXTqTh0SrLQ_112_117\frame_004.jpg,frame_004.jpg,4
UXTqTh0SrLQ_78_83,wildfire,C:\Users\ujjes\OneDrive\Desktop\vlm-disaster-analyzer\datasets\video_dataset\extracted_frames\wildfire\UXTqTh0SrLQ_78_83\frame_001.jpg,frame_001.jpg,1
UXTqTh0SrLQ_78_83,wildfire,C:\Users\ujjes\OneDrive\Desktop\vlm-disaster-analyzer\datasets\video_dataset\extracted_frames\wildfire\UXTqTh0SrLQ_78_83\frame_002.jpg,frame_002.jpg,2
UXTqTh0SrLQ_78_83,wildfire,C:\Users\ujjes\OneDrive\Desktop\vlm-disaster-analyzer\datasets\video_dataset\extracted_frames\wildfire\UXTqTh0SrLQ_78_83\frame_003.jpg,frame_003.jpg,3
UXTqTh0SrLQ_78_83,wildfire,C:\Users\ujjes\OneDrive\Desktop\vlm-disaster-analyzer\datasets\video_dataset\extracted_frames\wildfire\UXTqTh0SrLQ_78_83\frame_004.jpg,frame_004.jpg,4
Ve33BcHx1L0_139_144,wildfire,C:\Users\ujjes\OneDrive\Desktop\vlm-disaster-analyzer\datasets\video_dataset\extracted_frames\wildfire\Ve33BcHx1L0_139_144\frame_001.jpg,frame_001.jpg,1
Ve33BcHx1L0_139_144,wildfire,C:\Users\ujjes\OneDrive\Desktop\vlm-disaster-analyzer\datasets\video_dataset\extracted_frames\wildfire\Ve33BcHx1L0_139_144\frame_002.jpg,frame_002.jpg,2
Ve33BcHx1L0_139_144,wildfire,C:\Users\ujjes\OneDrive\Desktop\vlm-disaster-analyzer\datasets\video_dataset\extracted_frames\wildfire\Ve33BcHx1L0_139_144\frame_003.jpg,frame_003.jpg,3
Ve33BcHx1L0_139_144,wildfire,C:\Users\ujjes\OneDrive\Desktop\vlm-disaster-analyzer\datasets\video_dataset\extracted_frames\wildfire\Ve33BcHx1L0_139_144\frame_004.jpg,frame_004.jpg,4
Ve33BcHx1L0_338_343,wildfire,C:\Users\ujjes\OneDrive\Desktop\vlm-disaster-analyzer\datasets\video_dataset\extracted_frames\wildfire\Ve33BcHx1L0_338_343\frame_001.jpg,frame_001.jpg,1
Ve33BcHx1L0_338_343,wildfire,C:\Users\ujjes\OneDrive\Desktop\vlm-disaster-analyzer\datasets\video_dataset\extracted_frames\wildfire\Ve33BcHx1L0_338_343\frame_002.jpg,frame_002.jpg,2
Ve33BcHx1L0_338_343,wildfire,C:\Users\ujjes\OneDrive\Desktop\vlm-disaster-analyzer\datasets\video_dataset\extracted_frames\wildfire\Ve33BcHx1L0_338_343\frame_003.jpg,frame_003.jpg,3
Ve33BcHx1L0_338_343,wildfire,C:\Users\ujjes\OneDrive\Desktop\vlm-disaster-analyzer\datasets\video_dataset\extracted_frames\wildfire\Ve33BcHx1L0_338_343\frame_004.jpg,frame_004.jpg,4
YYnIlah5UJ4_122_126,wildfire,C:\Users\ujjes\OneDrive\Desktop\vlm-disaster-analyzer\datasets\video_dataset\extracted_frames\wildfire\YYnIlah5UJ4_122_126\frame_001.jpg,frame_001.jpg,1
YYnIlah5UJ4_122_126,wildfire,C:\Users\ujjes\OneDrive\Desktop\vlm-disaster-analyzer\datasets\video_dataset\extracted_frames\wildfire\YYnIlah5UJ4_122_126\frame_002.jpg,frame_002.jpg,2
YYnIlah5UJ4_122_126,wildfire,C:\Users\ujjes\OneDrive\Desktop\vlm-disaster-analyzer\datasets\video_dataset\extracted_frames\wildfire\YYnIlah5UJ4_122_126\frame_003.jpg,frame_003.jpg,3
YYnIlah5UJ4_122_126,wildfire,C:\Users\ujjes\OneDrive\Desktop\vlm-disaster-analyzer\datasets\video_dataset\extracted_frames\wildfire\YYnIlah5UJ4_122_126\frame_004.jpg,frame_004.jpg,4
YYnIlah5UJ4_241_245,wildfire,C:\Users\ujjes\OneDrive\Desktop\vlm-disaster-analyzer\datasets\video_dataset\extracted_frames\wildfire\YYnIlah5UJ4_241_245\frame_001.jpg,frame_001.jpg,1
YYnIlah5UJ4_241_245,wildfire,C:\Users\ujjes\OneDrive\Desktop\vlm-disaster-analyzer\datasets\video_dataset\extracted_frames\wildfire\YYnIlah5UJ4_241_245\frame_002.jpg,frame_002.jpg,2
YYnIlah5UJ4_241_245,wildfire,C:\Users\ujjes\OneDrive\Desktop\vlm-disaster-analyzer\datasets\video_dataset\extracted_frames\wildfire\YYnIlah5UJ4_241_245\frame_003.jpg,frame_003.jpg,3
YYnIlah5UJ4_241_245,wildfire,C:\Users\ujjes\OneDrive\Desktop\vlm-disaster-analyzer\datasets\video_dataset\extracted_frames\wildfire\YYnIlah5UJ4_241_245\frame_004.jpg,frame_004.jpg,4
